StoreID,StoreName,City,Province,ProvinceAbbrev,Country
CA1001,Toronto Store 1,Toronto,Ontario,ON,Canada
CA1002,Ottawa Store 1,Ottawa,Ontario,ON,Canada
CA1003,Mississauga Store 1,Mississauga,Ontario,ON,Canada
CA1004,Brampton Store 1,Brampton,Ontario,ON,Canada
CA1005,Hamilton Store 1,Hamilton,Ontario,ON,Canada
CA1006,London Store 1,London,Ontario,ON,Canada
CA1007,Markham Store 1,Markham,Ontario,ON,Canada
CA1008,Vaughan Store 1,Vaughan,Ontario,ON,Canada
CA1009,Kitchener Store 1,Kitchener,Ontario,ON,Canada
CA1010,Windsor Store 1,Windsor,Ontario,ON,Canada
CA1011,Toronto Store 2,Toronto,Ontario,ON,Canada
CA1012,Ottawa Store 2,Ottawa,Ontario,ON,Canada
CA1013,Mississauga Store 2,Mississauga,Ontario,ON,Canada
CA1014,Brampton Store 2,Brampton,Ontario,ON,Canada
CA1015,Hamilton Store 2,Hamilton,Ontario,ON,Canada
CA1016,London Store 2,London,Ontario,ON,Canada
CA1017,Markham Store 2,Markham,Ontario,ON,Canada
CA1018,Vaughan Store 2,Vaughan,Ontario,ON,Canada
CA1019,Kitchener Store 2,Kitchener,Ontario,ON,Canada
CA1020,Windsor Store 2,Windsor,Ontario,ON,Canada
CA1021,Toronto Store 3,Toronto,Ontario,ON,Canada
CA1022,Ottawa Store 3,Ottawa,Ontario,ON,Canada
CA1023,Mississauga Store 3,Mississauga,Ontario,ON,Canada
CA1024,Brampton Store 3,Brampton,Ontario,ON,Canada
CA1025,Hamilton Store 3,Hamilton,Ontario,ON,Canada
CA1026,London Store 3,London,Ontario,ON,Canada
CA1027,Markham Store 3,Markham,Ontario,ON,Canada
CA1028,Vaughan Store 3,Vaughan,Ontario,ON,Canada
CA1029,Kitchener Store 3,Kitchener,Ontario,ON,Canada
CA1030,Windsor Store 3,Windsor,Ontario,ON,Canada
CA1031,Toronto Store 4,Toronto,Ontario,ON,Canada
CA1032,Ottawa Store 4,Ottawa,Ontario,ON,Canada
CA1033,Mississauga Store 4,Mississauga,Ontario,ON,Canada
CA1034,Brampton Store 4,Brampton,Ontario,ON,Canada
CA1035,Hamilton Store 4,Hamilton,Ontario,ON,Canada
CA1036,London Store 4,London,Ontario,ON,Canada
CA1037,Markham Store 4,Markham,Ontario,ON,Canada
CA1038,Vaughan Store 4,Vaughan,Ontario,ON,Canada
CA1039,Kitchener Store 4,Kitchener,Ontario,ON,Canada
CA1040,Windsor Store 4,Windsor,Ontario,ON,Canada
CA1041,Toronto Store 5,Toronto,Ontario,ON,Canada
CA1042,Ottawa Store 5,Ottawa,Ontario,ON,Canada
CA1043,Mississauga Store 5,Mississauga,Ontario,ON,Canada
CA1044,Brampton Store 5,Brampton,Ontario,ON,Canada
CA1045,Hamilton Store 5,Hamilton,Ontario,ON,Canada
CA1046,London Store 5,London,Ontario,ON,Canada
CA1047,Markham Store 5,Markham,Ontario,ON,Canada
CA1048,Vaughan Store 5,Vaughan,Ontario,ON,Canada
CA1049,Kitchener Store 5,Kitchener,Ontario,ON,Canada
CA1050,Windsor Store 5,Windsor,Ontario,ON,Canada
CA1051,Toronto Store 6,Toronto,Ontario,ON,Canada
CA1052,Ottawa Store 6,Ottawa,Ontario,ON,Canada
CA1053,Mississauga Store 6,Mississauga,Ontario,ON,Canada
CA1054,Brampton Store 6,Brampton,Ontario,ON,Canada
CA1055,Hamilton Store 6,Hamilton,Ontario,ON,Canada
CA1056,London Store 6,London,Ontario,ON,Canada
CA1057,Markham Store 6,Markham,Ontario,ON,Canada
CA1058,Vaughan Store 6,Vaughan,Ontario,ON,Canada
CA1059,Kitchener Store 6,Kitchener,Ontario,ON,Canada
CA1060,Windsor Store 6,Windsor,Ontario,ON,Canada
CA1061,Toronto Store 7,Toronto,Ontario,ON,Canada
CA1062,Ottawa Store 7,Ottawa,Ontario,ON,Canada
CA1063,Mississauga Store 7,Mississauga,Ontario,ON,Canada
CA1064,Brampton Store 7,Brampton,Ontario,ON,Canada
CA1065,Hamilton Store 7,Hamilton,Ontario,ON,Canada
CA1066,London Store 7,London,Ontario,ON,Canada
CA1067,Markham Store 7,Markham,Ontario,ON,Canada
CA1068,Vaughan Store 7,Vaughan,Ontario,ON,Canada
CA1069,Kitchener Store 7,Kitchener,Ontario,ON,Canada
CA1070,Windsor Store 7,Windsor,Ontario,ON,Canada
CA1071,Toronto Store 8,Toronto,Ontario,ON,Canada
CA1072,Ottawa Store 8,Ottawa,Ontario,ON,Canada
CA1073,Mississauga Store 8,Mississauga,Ontario,ON,Canada
CA1074,Brampton Store 8,Brampton,Ontario,ON,Canada
CA1075,Hamilton Store 8,Hamilton,Ontario,ON,Canada
CA1076,London Store 8,London,Ontario,ON,Canada
CA1077,Markham Store 8,Markham,Ontario,ON,Canada
CA1078,Vaughan Store 8,Vaughan,Ontario,ON,Canada
CA1079,Kitchener Store 8,Kitchener,Ontario,ON,Canada
CA1080,Windsor Store 8,Windsor,Ontario,ON,Canada
CA1081,Toronto Store 9,Toronto,Ontario,ON,Canada
CA1082,Ottawa Store 9,Ottawa,Ontario,ON,Canada
CA1083,Mississauga Store 9,Mississauga,Ontario,ON,Canada
CA1084,Brampton Store 9,Brampton,Ontario,ON,Canada
CA1085,Hamilton Store 9,Hamilton,Ontario,ON,Canada
CA1086,London Store 9,London,Ontario,ON,Canada
CA1087,Markham Store 9,Markham,Ontario,ON,Canada
CA1088,Vaughan Store 9,Vaughan,Ontario,ON,Canada
CA1089,Kitchener Store 9,Kitchener,Ontario,ON,Canada
CA1090,Windsor Store 9,Windsor,Ontario,ON,Canada
CA1091,Toronto Store 10,Toronto,Ontario,ON,Canada
CA1092,Ottawa Store 10,Ottawa,Ontario,ON,Canada
CA1093,Mississauga Store 10,Mississauga,Ontario,ON,Canada
CA1094,Brampton Store 10,Brampton,Ontario,ON,Canada
CA1095,Hamilton Store 10,Hamilton,Ontario,ON,Canada
CA1096,London Store 10,London,Ontario,ON,Canada
CA1097,Markham Store 10,Markham,Ontario,ON,Canada
CA1098,Vaughan Store 10,Vaughan,Ontario,ON,Canada
CA1099,Kitchener Store 10,Kitchener,Ontario,ON,Canada
CA1100,Windsor Store 10,Windsor,Ontario,ON,Canada
CA1101,Toronto Store 11,Toronto,Ontario,ON,Canada
CA1102,Ottawa Store 11,Ottawa,Ontario,ON,Canada
CA1103,Mississauga Store 11,Mississauga,Ontario,ON,Canada
CA1104,Brampton Store 11,Brampton,Ontario,ON,Canada
CA1105,Hamilton Store 11,Hamilton,Ontario,ON,Canada
CA1106,London Store 11,London,Ontario,ON,Canada
CA1107,Markham Store 11,Markham,Ontario,ON,Canada
CA1108,Vaughan Store 11,Vaughan,Ontario,ON,Canada
CA1109,Kitchener Store 11,Kitchener,Ontario,ON,Canada
CA1110,Windsor Store 11,Windsor,Ontario,ON,Canada
CA1111,Toronto Store 12,Toronto,Ontario,ON,Canada
CA1112,Ottawa Store 12,Ottawa,Ontario,ON,Canada
CA1113,Mississauga Store 12,Mississauga,Ontario,ON,Canada
CA1114,Brampton Store 12,Brampton,Ontario,ON,Canada
CA1115,Hamilton Store 12,Hamilton,Ontario,ON,Canada
CA1116,London Store 12,London,Ontario,ON,Canada
CA1117,Markham Store 12,Markham,Ontario,ON,Canada
CA1118,Vaughan Store 12,Vaughan,Ontario,ON,Canada
CA1119,Kitchener Store 12,Kitchener,Ontario,ON,Canada
CA1120,Windsor Store 12,Windsor,Ontario,ON,Canada
CA1121,Toronto Store 13,Toronto,Ontario,ON,Canada
CA1122,Ottawa Store 13,Ottawa,Ontario,ON,Canada
CA1123,Mississauga Store 13,Mississauga,Ontario,ON,Canada
CA1124,Brampton Store 13,Brampton,Ontario,ON,Canada
CA1125,Hamilton Store 13,Hamilton,Ontario,ON,Canada
CA1126,London Store 13,London,Ontario,ON,Canada
CA1127,Markham Store 13,Markham,Ontario,ON,Canada
CA1128,Vaughan Store 13,Vaughan,Ontario,ON,Canada
CA1129,Kitchener Store 13,Kitchener,Ontario,ON,Canada
CA1130,Windsor Store 13,Windsor,Ontario,ON,Canada
CA1131,Toronto Store 14,Toronto,Ontario,ON,Canada
CA1132,Ottawa Store 14,Ottawa,Ontario,ON,Canada
CA1133,Mississauga Store 14,Mississauga,Ontario,ON,Canada
CA1134,Brampton Store 14,Brampton,Ontario,ON,Canada
CA1135,Hamilton Store 14,Hamilton,Ontario,ON,Canada
CA1136,London Store 14,London,Ontario,ON,Canada
CA1137,Markham Store 14,Markham,Ontario,ON,Canada
CA1138,Vaughan Store 14,Vaughan,Ontario,ON,Canada
CA1139,Kitchener Store 14,Kitchener,Ontario,ON,Canada
CA1140,Windsor Store 14,Windsor,Ontario,ON,Canada
CA1141,Toronto Store 15,Toronto,Ontario,ON,Canada
CA1142,Ottawa Store 15,Ottawa,Ontario,ON,Canada
CA1143,Mississauga Store 15,Mississauga,Ontario,ON,Canada
CA1144,Brampton Store 15,Brampton,Ontario,ON,Canada
CA1145,Hamilton Store 15,Hamilton,Ontario,ON,Canada
CA1146,London Store 15,London,Ontario,ON,Canada
CA1147,Markham Store 15,Markham,Ontario,ON,Canada
CA1148,Vaughan Store 15,Vaughan,Ontario,ON,Canada
CA1149,Kitchener Store 15,Kitchener,Ontario,ON,Canada
CA1150,Windsor Store 15,Windsor,Ontario,ON,Canada
CA1151,Toronto Store 16,Toronto,Ontario,ON,Canada
CA1152,Ottawa Store 16,Ottawa,Ontario,ON,Canada
CA1153,Mississauga Store 16,Mississauga,Ontario,ON,Canada
CA1154,Brampton Store 16,Brampton,Ontario,ON,Canada
CA1155,Hamilton Store 16,Hamilton,Ontario,ON,Canada
CA1156,London Store 16,London,Ontario,ON,Canada
CA1157,Markham Store 16,Markham,Ontario,ON,Canada
CA1158,Vaughan Store 16,Vaughan,Ontario,ON,Canada
CA1159,Kitchener Store 16,Kitchener,Ontario,ON,Canada
CA1160,Windsor Store 16,Windsor,Ontario,ON,Canada
CA1161,Toronto Store 17,Toronto,Ontario,ON,Canada
CA1162,Ottawa Store 17,Ottawa,Ontario,ON,Canada
CA1163,Mississauga Store 17,Mississauga,Ontario,ON,Canada
CA1164,Brampton Store 17,Brampton,Ontario,ON,Canada
CA1165,Hamilton Store 17,Hamilton,Ontario,ON,Canada
CA1166,London Store 17,London,Ontario,ON,Canada
CA1167,Markham Store 17,Markham,Ontario,ON,Canada
CA1168,Vaughan Store 17,Vaughan,Ontario,ON,Canada
CA1169,Kitchener Store 17,Kitchener,Ontario,ON,Canada
CA1170,Windsor Store 17,Windsor,Ontario,ON,Canada
CA1171,Toronto Store 18,Toronto,Ontario,ON,Canada
CA1172,Ottawa Store 18,Ottawa,Ontario,ON,Canada
CA1173,Mississauga Store 18,Mississauga,Ontario,ON,Canada
CA1174,Brampton Store 18,Brampton,Ontario,ON,Canada
CA1175,Hamilton Store 18,Hamilton,Ontario,ON,Canada
CA1176,London Store 18,London,Ontario,ON,Canada
CA1177,Markham Store 18,Markham,Ontario,ON,Canada
CA1178,Vaughan Store 18,Vaughan,Ontario,ON,Canada
CA1179,Kitchener Store 18,Kitchener,Ontario,ON,Canada
CA1180,Windsor Store 18,Windsor,Ontario,ON,Canada
CA1181,Toronto Store 19,Toronto,Ontario,ON,Canada
CA1182,Ottawa Store 19,Ottawa,Ontario,ON,Canada
CA1183,Mississauga Store 19,Mississauga,Ontario,ON,Canada
CA1184,Brampton Store 19,Brampton,Ontario,ON,Canada
CA1185,Hamilton Store 19,Hamilton,Ontario,ON,Canada
CA1186,London Store 19,London,Ontario,ON,Canada
CA1187,Markham Store 19,Markham,Ontario,ON,Canada
CA1188,Vaughan Store 19,Vaughan,Ontario,ON,Canada
CA1189,Kitchener Store 19,Kitchener,Ontario,ON,Canada
CA1190,Windsor Store 19,Windsor,Ontario,ON,Canada
CA1191,Toronto Store 20,Toronto,Ontario,ON,Canada
CA1192,Ottawa Store 20,Ottawa,Ontario,ON,Canada
CA1193,Mississauga Store 20,Mississauga,Ontario,ON,Canada
CA1194,Brampton Store 20,Brampton,Ontario,ON,Canada
CA1195,Hamilton Store 20,Hamilton,Ontario,ON,Canada
CA1196,London Store 20,London,Ontario,ON,Canada
CA1197,Markham Store 20,Markham,Ontario,ON,Canada
CA1198,Vaughan Store 20,Vaughan,Ontario,ON,Canada
CA1199,Kitchener Store 20,Kitchener,Ontario,ON,Canada
CA1200,Windsor Store 20,Windsor,Ontario,ON,Canada
CA1201,Toronto Store 21,Toronto,Ontario,ON,Canada
CA1202,Ottawa Store 21,Ottawa,Ontario,ON,Canada
CA1203,Mississauga Store 21,Mississauga,Ontario,ON,Canada
CA1204,Brampton Store 21,Brampton,Ontario,ON,Canada
CA1205,Hamilton Store 21,Hamilton,Ontario,ON,Canada
CA1206,London Store 21,London,Ontario,ON,Canada
CA1207,Markham Store 21,Markham,Ontario,ON,Canada
CA1208,Vaughan Store 21,Vaughan,Ontario,ON,Canada
CA1209,Kitchener Store 21,Kitchener,Ontario,ON,Canada
CA1210,Windsor Store 21,Windsor,Ontario,ON,Canada
CA1211,Toronto Store 22,Toronto,Ontario,ON,Canada
CA1212,Ottawa Store 22,Ottawa,Ontario,ON,Canada
CA1213,Mississauga Store 22,Mississauga,Ontario,ON,Canada
CA1214,Brampton Store 22,Brampton,Ontario,ON,Canada
CA1215,Hamilton Store 22,Hamilton,Ontario,ON,Canada
CA1216,London Store 22,London,Ontario,ON,Canada
CA1217,Markham Store 22,Markham,Ontario,ON,Canada
CA1218,Vaughan Store 22,Vaughan,Ontario,ON,Canada
CA1219,Kitchener Store 22,Kitchener,Ontario,ON,Canada
CA1220,Windsor Store 22,Windsor,Ontario,ON,Canada
CA1221,Toronto Store 23,Toronto,Ontario,ON,Canada
CA1222,Ottawa Store 23,Ottawa,Ontario,ON,Canada
CA1223,Mississauga Store 23,Mississauga,Ontario,ON,Canada
CA1224,Brampton Store 23,Brampton,Ontario,ON,Canada
CA1225,Hamilton Store 23,Hamilton,Ontario,ON,Canada
CA1226,London Store 23,London,Ontario,ON,Canada
CA1227,Markham Store 23,Markham,Ontario,ON,Canada
CA1228,Vaughan Store 23,Vaughan,Ontario,ON,Canada
CA1229,Kitchener Store 23,Kitchener,Ontario,ON,Canada
CA1230,Windsor Store 23,Windsor,Ontario,ON,Canada
CA1231,Toronto Store 24,Toronto,Ontario,ON,Canada
CA1232,Ottawa Store 24,Ottawa,Ontario,ON,Canada
CA1233,Mississauga Store 24,Mississauga,Ontario,ON,Canada
CA1234,Brampton Store 24,Brampton,Ontario,ON,Canada
CA1235,Hamilton Store 24,Hamilton,Ontario,ON,Canada
CA1236,London Store 24,London,Ontario,ON,Canada
CA1237,Markham Store 24,Markham,Ontario,ON,Canada
CA1238,Vaughan Store 24,Vaughan,Ontario,ON,Canada
CA1239,Kitchener Store 24,Kitchener,Ontario,ON,Canada
CA1240,Windsor Store 24,Windsor,Ontario,ON,Canada
CA1241,Toronto Store 25,Toronto,Ontario,ON,Canada
CA1242,Ottawa Store 25,Ottawa,Ontario,ON,Canada
CA1243,Mississauga Store 25,Mississauga,Ontario,ON,Canada
CA1244,Brampton Store 25,Brampton,Ontario,ON,Canada
CA1245,Hamilton Store 25,Hamilton,Ontario,ON,Canada
CA1246,London Store 25,London,Ontario,ON,Canada
CA1247,Markham Store 25,Markham,Ontario,ON,Canada
CA1248,Vaughan Store 25,Vaughan,Ontario,ON,Canada
CA1249,Kitchener Store 25,Kitchener,Ontario,ON,Canada
CA1250,Windsor Store 25,Windsor,Ontario,ON,Canada
CA1251,Toronto Store 26,Toronto,Ontario,ON,Canada
CA1252,Ottawa Store 26,Ottawa,Ontario,ON,Canada
CA1253,Mississauga Store 26,Mississauga,Ontario,ON,Canada
CA1254,Brampton Store 26,Brampton,Ontario,ON,Canada
CA1255,Hamilton Store 26,Hamilton,Ontario,ON,Canada
CA1256,London Store 26,London,Ontario,ON,Canada
CA1257,Markham Store 26,Markham,Ontario,ON,Canada
CA1258,Vaughan Store 26,Vaughan,Ontario,ON,Canada
CA1259,Kitchener Store 26,Kitchener,Ontario,ON,Canada
CA1260,Windsor Store 26,Windsor,Ontario,ON,Canada
CA1261,Toronto Store 27,Toronto,Ontario,ON,Canada
CA1262,Ottawa Store 27,Ottawa,Ontario,ON,Canada
CA1263,Mississauga Store 27,Mississauga,Ontario,ON,Canada
CA1264,Brampton Store 27,Brampton,Ontario,ON,Canada
CA1265,Hamilton Store 27,Hamilton,Ontario,ON,Canada
CA1266,London Store 27,London,Ontario,ON,Canada
CA1267,Markham Store 27,Markham,Ontario,ON,Canada
CA1268,Vaughan Store 27,Vaughan,Ontario,ON,Canada
CA1269,Kitchener Store 27,Kitchener,Ontario,ON,Canada
CA1270,Windsor Store 27,Windsor,Ontario,ON,Canada
CA1271,Toronto Store 28,Toronto,Ontario,ON,Canada
CA1272,Ottawa Store 28,Ottawa,Ontario,ON,Canada
CA1273,Mississauga Store 28,Mississauga,Ontario,ON,Canada
CA1274,Brampton Store 28,Brampton,Ontario,ON,Canada
CA1275,Hamilton Store 28,Hamilton,Ontario,ON,Canada
CA1276,London Store 28,London,Ontario,ON,Canada
CA1277,Markham Store 28,Markham,Ontario,ON,Canada
CA1278,Vaughan Store 28,Vaughan,Ontario,ON,Canada
CA1279,Kitchener Store 28,Kitchener,Ontario,ON,Canada
CA1280,Windsor Store 28,Windsor,Ontario,ON,Canada
CA1281,Toronto Store 29,Toronto,Ontario,ON,Canada
CA1282,Ottawa Store 29,Ottawa,Ontario,ON,Canada
CA1283,Mississauga Store 29,Mississauga,Ontario,ON,Canada
CA1284,Brampton Store 29,Brampton,Ontario,ON,Canada
CA1285,Hamilton Store 29,Hamilton,Ontario,ON,Canada
CA1286,London Store 29,London,Ontario,ON,Canada
CA1287,Markham Store 29,Markham,Ontario,ON,Canada
CA1288,Vaughan Store 29,Vaughan,Ontario,ON,Canada
CA1289,Kitchener Store 29,Kitchener,Ontario,ON,Canada
CA1290,Windsor Store 29,Windsor,Ontario,ON,Canada
CA1291,Toronto Store 30,Toronto,Ontario,ON,Canada
CA1292,Ottawa Store 30,Ottawa,Ontario,ON,Canada
CA1293,Mississauga Store 30,Mississauga,Ontario,ON,Canada
CA1294,Brampton Store 30,Brampton,Ontario,ON,Canada
CA1295,Hamilton Store 30,Hamilton,Ontario,ON,Canada
CA1296,London Store 30,London,Ontario,ON,Canada
CA1297,Markham Store 30,Markham,Ontario,ON,Canada
CA1298,Vaughan Store 30,Vaughan,Ontario,ON,Canada
CA1299,Kitchener Store 30,Kitchener,Ontario,ON,Canada
CA1300,Windsor Store 30,Windsor,Ontario,ON,Canada
CA1301,Toronto Store 31,Toronto,Ontario,ON,Canada
CA1302,Ottawa Store 31,Ottawa,Ontario,ON,Canada
CA1303,Mississauga Store 31,Mississauga,Ontario,ON,Canada
CA1304,Brampton Store 31,Brampton,Ontario,ON,Canada
CA1305,Hamilton Store 31,Hamilton,Ontario,ON,Canada
CA1306,London Store 31,London,Ontario,ON,Canada
CA1307,Markham Store 31,Markham,Ontario,ON,Canada
CA1308,Vaughan Store 31,Vaughan,Ontario,ON,Canada
CA1309,Kitchener Store 31,Kitchener,Ontario,ON,Canada
CA1310,Windsor Store 31,Windsor,Ontario,ON,Canada
CA1311,Toronto Store 32,Toronto,Ontario,ON,Canada
CA1312,Ottawa Store 32,Ottawa,Ontario,ON,Canada
CA1313,Mississauga Store 32,Mississauga,Ontario,ON,Canada
CA1314,Brampton Store 32,Brampton,Ontario,ON,Canada
CA1315,Hamilton Store 32,Hamilton,Ontario,ON,Canada
CA1316,London Store 32,London,Ontario,ON,Canada
CA1317,Markham Store 32,Markham,Ontario,ON,Canada
CA1318,Vaughan Store 32,Vaughan,Ontario,ON,Canada
CA1319,Kitchener Store 32,Kitchener,Ontario,ON,Canada
CA1320,Windsor Store 32,Windsor,Ontario,ON,Canada
CA1321,Toronto Store 33,Toronto,Ontario,ON,Canada
CA1322,Ottawa Store 33,Ottawa,Ontario,ON,Canada
CA1323,Mississauga Store 33,Mississauga,Ontario,ON,Canada
CA1324,Brampton Store 33,Brampton,Ontario,ON,Canada
CA1325,Hamilton Store 33,Hamilton,Ontario,ON,Canada
CA1326,London Store 33,London,Ontario,ON,Canada
CA1327,Markham Store 33,Markham,Ontario,ON,Canada
CA1328,Vaughan Store 33,Vaughan,Ontario,ON,Canada
CA1329,Kitchener Store 33,Kitchener,Ontario,ON,Canada
CA1330,Windsor Store 33,Windsor,Ontario,ON,Canada
CA1331,Toronto Store 34,Toronto,Ontario,ON,Canada
CA1332,Ottawa Store 34,Ottawa,Ontario,ON,Canada
CA1333,Mississauga Store 34,Mississauga,Ontario,ON,Canada
CA1334,Brampton Store 34,Brampton,Ontario,ON,Canada
CA1335,Hamilton Store 34,Hamilton,Ontario,ON,Canada
CA1336,London Store 34,London,Ontario,ON,Canada
CA1337,Markham Store 34,Markham,Ontario,ON,Canada
CA1338,Vaughan Store 34,Vaughan,Ontario,ON,Canada
CA1339,Kitchener Store 34,Kitchener,Ontario,ON,Canada
CA1340,Windsor Store 34,Windsor,Ontario,ON,Canada
CA1341,Toronto Store 35,Toronto,Ontario,ON,Canada
CA1342,Ottawa Store 35,Ottawa,Ontario,ON,Canada
CA1343,Mississauga Store 35,Mississauga,Ontario,ON,Canada
CA1344,Brampton Store 35,Brampton,Ontario,ON,Canada
CA1345,Hamilton Store 35,Hamilton,Ontario,ON,Canada
CA1346,London Store 35,London,Ontario,ON,Canada
CA1347,Markham Store 35,Markham,Ontario,ON,Canada
CA1348,Vaughan Store 35,Vaughan,Ontario,ON,Canada
CA1349,Kitchener Store 35,Kitchener,Ontario,ON,Canada
CA1350,Windsor Store 35,Windsor,Ontario,ON,Canada
CA1351,Toronto Store 36,Toronto,Ontario,ON,Canada
CA1352,Ottawa Store 36,Ottawa,Ontario,ON,Canada
CA1353,Mississauga Store 36,Mississauga,Ontario,ON,Canada
CA1354,Brampton Store 36,Brampton,Ontario,ON,Canada
CA1355,Hamilton Store 36,Hamilton,Ontario,ON,Canada
CA1356,London Store 36,London,Ontario,ON,Canada
CA1357,Markham Store 36,Markham,Ontario,ON,Canada
CA1358,Vaughan Store 36,Vaughan,Ontario,ON,Canada
CA1359,Kitchener Store 36,Kitchener,Ontario,ON,Canada
CA1360,Windsor Store 36,Windsor,Ontario,ON,Canada
CA1361,Toronto Store 37,Toronto,Ontario,ON,Canada
CA1362,Ottawa Store 37,Ottawa,Ontario,ON,Canada
CA1363,Mississauga Store 37,Mississauga,Ontario,ON,Canada
CA1364,Brampton Store 37,Brampton,Ontario,ON,Canada
CA1365,Hamilton Store 37,Hamilton,Ontario,ON,Canada
CA1366,London Store 37,London,Ontario,ON,Canada
CA1367,Markham Store 37,Markham,Ontario,ON,Canada
CA1368,Vaughan Store 37,Vaughan,Ontario,ON,Canada
CA1369,Kitchener Store 37,Kitchener,Ontario,ON,Canada
CA1370,Windsor Store 37,Windsor,Ontario,ON,Canada
CA1371,Toronto Store 38,Toronto,Ontario,ON,Canada
CA1372,Ottawa Store 38,Ottawa,Ontario,ON,Canada
CA1373,Mississauga Store 38,Mississauga,Ontario,ON,Canada
CA1374,Brampton Store 38,Brampton,Ontario,ON,Canada
CA1375,Hamilton Store 38,Hamilton,Ontario,ON,Canada
CA1376,London Store 38,London,Ontario,ON,Canada
CA1377,Markham Store 38,Markham,Ontario,ON,Canada
CA1378,Vaughan Store 38,Vaughan,Ontario,ON,Canada
CA1379,Kitchener Store 38,Kitchener,Ontario,ON,Canada
CA1380,Windsor Store 38,Windsor,Ontario,ON,Canada
CA1381,Toronto Store 39,Toronto,Ontario,ON,Canada
CA1382,Ottawa Store 39,Ottawa,Ontario,ON,Canada
CA1383,Mississauga Store 39,Mississauga,Ontario,ON,Canada
CA1384,Brampton Store 39,Brampton,Ontario,ON,Canada
CA1385,Hamilton Store 39,Hamilton,Ontario,ON,Canada
CA1386,London Store 39,London,Ontario,ON,Canada
CA1387,Markham Store 39,Markham,Ontario,ON,Canada
CA1388,Vaughan Store 39,Vaughan,Ontario,ON,Canada
CA1389,Kitchener Store 39,Kitchener,Ontario,ON,Canada
CA1390,Windsor Store 39,Windsor,Ontario,ON,Canada
CA1391,Toronto Store 40,Toronto,Ontario,ON,Canada
CA1392,Ottawa Store 40,Ottawa,Ontario,ON,Canada
CA1393,Mississauga Store 40,Mississauga,Ontario,ON,Canada
CA1394,Brampton Store 40,Brampton,Ontario,ON,Canada
CA1395,Hamilton Store 40,Hamilton,Ontario,ON,Canada
CA1396,London Store 40,London,Ontario,ON,Canada
CA1397,Markham Store 40,Markham,Ontario,ON,Canada
CA1398,Vaughan Store 40,Vaughan,Ontario,ON,Canada
CA1399,Kitchener Store 40,Kitchener,Ontario,ON,Canada
CA1400,Windsor Store 40,Windsor,Ontario,ON,Canada
CA1401,Toronto Store 41,Toronto,Ontario,ON,Canada
CA1402,Ottawa Store 41,Ottawa,Ontario,ON,Canada
CA1403,Mississauga Store 41,Mississauga,Ontario,ON,Canada
CA1404,Brampton Store 41,Brampton,Ontario,ON,Canada
CA1405,Hamilton Store 41,Hamilton,Ontario,ON,Canada
CA1406,London Store 41,London,Ontario,ON,Canada
CA1407,Markham Store 41,Markham,Ontario,ON,Canada
CA1408,Vaughan Store 41,Vaughan,Ontario,ON,Canada
CA1409,Kitchener Store 41,Kitchener,Ontario,ON,Canada
CA1410,Windsor Store 41,Windsor,Ontario,ON,Canada
CA1411,Toronto Store 42,Toronto,Ontario,ON,Canada
CA1412,Ottawa Store 42,Ottawa,Ontario,ON,Canada
CA1413,Mississauga Store 42,Mississauga,Ontario,ON,Canada
CA1414,Brampton Store 42,Brampton,Ontario,ON,Canada
CA1415,Hamilton Store 42,Hamilton,Ontario,ON,Canada
CA1416,London Store 42,London,Ontario,ON,Canada
CA1417,Markham Store 42,Markham,Ontario,ON,Canada
CA1418,Vaughan Store 42,Vaughan,Ontario,ON,Canada
CA1419,Kitchener Store 42,Kitchener,Ontario,ON,Canada
CA1420,Windsor Store 42,Windsor,Ontario,ON,Canada
CA1421,Montreal Store 1,Montreal,Quebec,QC,Canada
CA1422,Quebec City Store 1,Quebec City,Quebec,QC,Canada
CA1423,Laval Store 1,Laval,Quebec,QC,Canada
CA1424,Gatineau Store 1,Gatineau,Quebec,QC,Canada
CA1425,Longueuil Store 1,Longueuil,Quebec,QC,Canada
CA1426,Sherbrooke Store 1,Sherbrooke,Quebec,QC,Canada
CA1427,Saguenay Store 1,Saguenay,Quebec,QC,Canada
CA1428,Levis Store 1,Levis,Quebec,QC,Canada
CA1429,Trois-Rivieres Store 1,Trois-Rivieres,Quebec,QC,Canada
CA1430,Terrebonne Store 1,Terrebonne,Quebec,QC,Canada
CA1431,Montreal Store 2,Montreal,Quebec,QC,Canada
CA1432,Quebec City Store 2,Quebec City,Quebec,QC,Canada
CA1433,Laval Store 2,Laval,Quebec,QC,Canada
CA1434,Gatineau Store 2,Gatineau,Quebec,QC,Canada
CA1435,Longueuil Store 2,Longueuil,Quebec,QC,Canada
CA1436,Sherbrooke Store 2,Sherbrooke,Quebec,QC,Canada
CA1437,Saguenay Store 2,Saguenay,Quebec,QC,Canada
CA1438,Levis Store 2,Levis,Quebec,QC,Canada
CA1439,Trois-Rivieres Store 2,Trois-Rivieres,Quebec,QC,Canada
CA1440,Terrebonne Store 2,Terrebonne,Quebec,QC,Canada
CA1441,Montreal Store 3,Montreal,Quebec,QC,Canada
CA1442,Quebec City Store 3,Quebec City,Quebec,QC,Canada
CA1443,Laval Store 3,Laval,Quebec,QC,Canada
CA1444,Gatineau Store 3,Gatineau,Quebec,QC,Canada
CA1445,Longueuil Store 3,Longueuil,Quebec,QC,Canada
CA1446,Sherbrooke Store 3,Sherbrooke,Quebec,QC,Canada
CA1447,Saguenay Store 3,Saguenay,Quebec,QC,Canada
CA1448,Levis Store 3,Levis,Quebec,QC,Canada
CA1449,Trois-Rivieres Store 3,Trois-Rivieres,Quebec,QC,Canada
CA1450,Terrebonne Store 3,Terrebonne,Quebec,QC,Canada
CA1451,Montreal Store 4,Montreal,Quebec,QC,Canada
CA1452,Quebec City Store 4,Quebec City,Quebec,QC,Canada
CA1453,Laval Store 4,Laval,Quebec,QC,Canada
CA1454,Gatineau Store 4,Gatineau,Quebec,QC,Canada
CA1455,Longueuil Store 4,Longueuil,Quebec,QC,Canada
CA1456,Sherbrooke Store 4,Sherbrooke,Quebec,QC,Canada
CA1457,Saguenay Store 4,Saguenay,Quebec,QC,Canada
CA1458,Levis Store 4,Levis,Quebec,QC,Canada
CA1459,Trois-Rivieres Store 4,Trois-Rivieres,Quebec,QC,Canada
CA1460,Terrebonne Store 4,Terrebonne,Quebec,QC,Canada
CA1461,Montreal Store 5,Montreal,Quebec,QC,Canada
CA1462,Quebec City Store 5,Quebec City,Quebec,QC,Canada
CA1463,Laval Store 5,Laval,Quebec,QC,Canada
CA1464,Gatineau Store 5,Gatineau,Quebec,QC,Canada
CA1465,Longueuil Store 5,Longueuil,Quebec,QC,Canada
CA1466,Sherbrooke Store 5,Sherbrooke,Quebec,QC,Canada
CA1467,Saguenay Store 5,Saguenay,Quebec,QC,Canada
CA1468,Levis Store 5,Levis,Quebec,QC,Canada
CA1469,Trois-Rivieres Store 5,Trois-Rivieres,Quebec,QC,Canada
CA1470,Terrebonne Store 5,Terrebonne,Quebec,QC,Canada
CA1471,Montreal Store 6,Montreal,Quebec,QC,Canada
CA1472,Quebec City Store 6,Quebec City,Quebec,QC,Canada
CA1473,Laval Store 6,Laval,Quebec,QC,Canada
CA1474,Gatineau Store 6,Gatineau,Quebec,QC,Canada
CA1475,Longueuil Store 6,Longueuil,Quebec,QC,Canada
CA1476,Sherbrooke Store 6,Sherbrooke,Quebec,QC,Canada
CA1477,Saguenay Store 6,Saguenay,Quebec,QC,Canada
CA1478,Levis Store 6,Levis,Quebec,QC,Canada
CA1479,Trois-Rivieres Store 6,Trois-Rivieres,Quebec,QC,Canada
CA1480,Terrebonne Store 6,Terrebonne,Quebec,QC,Canada
CA1481,Montreal Store 7,Montreal,Quebec,QC,Canada
CA1482,Quebec City Store 7,Quebec City,Quebec,QC,Canada
CA1483,Laval Store 7,Laval,Quebec,QC,Canada
CA1484,Gatineau Store 7,Gatineau,Quebec,QC,Canada
CA1485,Longueuil Store 7,Longueuil,Quebec,QC,Canada
CA1486,Sherbrooke Store 7,Sherbrooke,Quebec,QC,Canada
CA1487,Saguenay Store 7,Saguenay,Quebec,QC,Canada
CA1488,Levis Store 7,Levis,Quebec,QC,Canada
CA1489,Trois-Rivieres Store 7,Trois-Rivieres,Quebec,QC,Canada
CA1490,Terrebonne Store 7,Terrebonne,Quebec,QC,Canada
CA1491,Montreal Store 8,Montreal,Quebec,QC,Canada
CA1492,Quebec City Store 8,Quebec City,Quebec,QC,Canada
CA1493,Laval Store 8,Laval,Quebec,QC,Canada
CA1494,Gatineau Store 8,Gatineau,Quebec,QC,Canada
CA1495,Longueuil Store 8,Longueuil,Quebec,QC,Canada
CA1496,Sherbrooke Store 8,Sherbrooke,Quebec,QC,Canada
CA1497,Saguenay Store 8,Saguenay,Quebec,QC,Canada
CA1498,Levis Store 8,Levis,Quebec,QC,Canada
CA1499,Trois-Rivieres Store 8,Trois-Rivieres,Quebec,QC,Canada
CA1500,Terrebonne Store 8,Terrebonne,Quebec,QC,Canada
CA1501,Montreal Store 9,Montreal,Quebec,QC,Canada
CA1502,Quebec City Store 9,Quebec City,Quebec,QC,Canada
CA1503,Laval Store 9,Laval,Quebec,QC,Canada
CA1504,Gatineau Store 9,Gatineau,Quebec,QC,Canada
CA1505,Longueuil Store 9,Longueuil,Quebec,QC,Canada
CA1506,Sherbrooke Store 9,Sherbrooke,Quebec,QC,Canada
CA1507,Saguenay Store 9,Saguenay,Quebec,QC,Canada
CA1508,Levis Store 9,Levis,Quebec,QC,Canada
CA1509,Trois-Rivieres Store 9,Trois-Rivieres,Quebec,QC,Canada
CA1510,Terrebonne Store 9,Terrebonne,Quebec,QC,Canada
CA1511,Montreal Store 10,Montreal,Quebec,QC,Canada
CA1512,Quebec City Store 10,Quebec City,Quebec,QC,Canada
CA1513,Laval Store 10,Laval,Quebec,QC,Canada
CA1514,Gatineau Store 10,Gatineau,Quebec,QC,Canada
CA1515,Longueuil Store 10,Longueuil,Quebec,QC,Canada
CA1516,Sherbrooke Store 10,Sherbrooke,Quebec,QC,Canada
CA1517,Saguenay Store 10,Saguenay,Quebec,QC,Canada
CA1518,Levis Store 10,Levis,Quebec,QC,Canada
CA1519,Trois-Rivieres Store 10,Trois-Rivieres,Quebec,QC,Canada
CA1520,Terrebonne Store 10,Terrebonne,Quebec,QC,Canada
CA1521,Montreal Store 11,Montreal,Quebec,QC,Canada
CA1522,Quebec City Store 11,Quebec City,Quebec,QC,Canada
CA1523,Laval Store 11,Laval,Quebec,QC,Canada
CA1524,Gatineau Store 11,Gatineau,Quebec,QC,Canada
CA1525,Longueuil Store 11,Longueuil,Quebec,QC,Canada
CA1526,Sherbrooke Store 11,Sherbrooke,Quebec,QC,Canada
CA1527,Saguenay Store 11,Saguenay,Quebec,QC,Canada
CA1528,Levis Store 11,Levis,Quebec,QC,Canada
CA1529,Trois-Rivieres Store 11,Trois-Rivieres,Quebec,QC,Canada
CA1530,Terrebonne Store 11,Terrebonne,Quebec,QC,Canada
CA1531,Montreal Store 12,Montreal,Quebec,QC,Canada
CA1532,Quebec City Store 12,Quebec City,Quebec,QC,Canada
CA1533,Laval Store 12,Laval,Quebec,QC,Canada
CA1534,Gatineau Store 12,Gatineau,Quebec,QC,Canada
CA1535,Longueuil Store 12,Longueuil,Quebec,QC,Canada
CA1536,Sherbrooke Store 12,Sherbrooke,Quebec,QC,Canada
CA1537,Saguenay Store 12,Saguenay,Quebec,QC,Canada
CA1538,Levis Store 12,Levis,Quebec,QC,Canada
CA1539,Trois-Rivieres Store 12,Trois-Rivieres,Quebec,QC,Canada
CA1540,Terrebonne Store 12,Terrebonne,Quebec,QC,Canada
CA1541,Montreal Store 13,Montreal,Quebec,QC,Canada
CA1542,Quebec City Store 13,Quebec City,Quebec,QC,Canada
CA1543,Laval Store 13,Laval,Quebec,QC,Canada
CA1544,Gatineau Store 13,Gatineau,Quebec,QC,Canada
CA1545,Longueuil Store 13,Longueuil,Quebec,QC,Canada
CA1546,Sherbrooke Store 13,Sherbrooke,Quebec,QC,Canada
CA1547,Saguenay Store 13,Saguenay,Quebec,QC,Canada
CA1548,Levis Store 13,Levis,Quebec,QC,Canada
CA1549,Trois-Rivieres Store 13,Trois-Rivieres,Quebec,QC,Canada
CA1550,Terrebonne Store 13,Terrebonne,Quebec,QC,Canada
CA1551,Montreal Store 14,Montreal,Quebec,QC,Canada
CA1552,Quebec City Store 14,Quebec City,Quebec,QC,Canada
CA1553,Laval Store 14,Laval,Quebec,QC,Canada
CA1554,Gatineau Store 14,Gatineau,Quebec,QC,Canada
CA1555,Longueuil Store 14,Longueuil,Quebec,QC,Canada
CA1556,Sherbrooke Store 14,Sherbrooke,Quebec,QC,Canada
CA1557,Saguenay Store 14,Saguenay,Quebec,QC,Canada
CA1558,Levis Store 14,Levis,Quebec,QC,Canada
CA1559,Trois-Rivieres Store 14,Trois-Rivieres,Quebec,QC,Canada
CA1560,Terrebonne Store 14,Terrebonne,Quebec,QC,Canada
CA1561,Montreal Store 15,Montreal,Quebec,QC,Canada
CA1562,Quebec City Store 15,Quebec City,Quebec,QC,Canada
CA1563,Laval Store 15,Laval,Quebec,QC,Canada
CA1564,Gatineau Store 15,Gatineau,Quebec,QC,Canada
CA1565,Longueuil Store 15,Longueuil,Quebec,QC,Canada
CA1566,Sherbrooke Store 15,Sherbrooke,Quebec,QC,Canada
CA1567,Saguenay Store 15,Saguenay,Quebec,QC,Canada
CA1568,Levis Store 15,Levis,Quebec,QC,Canada
CA1569,Trois-Rivieres Store 15,Trois-Rivieres,Quebec,QC,Canada
CA1570,Terrebonne Store 15,Terrebonne,Quebec,QC,Canada
CA1571,Montreal Store 16,Montreal,Quebec,QC,Canada
CA1572,Quebec City Store 16,Quebec City,Quebec,QC,Canada
CA1573,Laval Store 16,Laval,Quebec,QC,Canada
CA1574,Gatineau Store 16,Gatineau,Quebec,QC,Canada
CA1575,Longueuil Store 16,Longueuil,Quebec,QC,Canada
CA1576,Sherbrooke Store 16,Sherbrooke,Quebec,QC,Canada
CA1577,Saguenay Store 16,Saguenay,Quebec,QC,Canada
CA1578,Levis Store 16,Levis,Quebec,QC,Canada
CA1579,Trois-Rivieres Store 16,Trois-Rivieres,Quebec,QC,Canada
CA1580,Terrebonne Store 16,Terrebonne,Quebec,QC,Canada
CA1581,Montreal Store 17,Montreal,Quebec,QC,Canada
CA1582,Quebec City Store 17,Quebec City,Quebec,QC,Canada
CA1583,Laval Store 17,Laval,Quebec,QC,Canada
CA1584,Gatineau Store 17,Gatineau,Quebec,QC,Canada
CA1585,Longueuil Store 17,Longueuil,Quebec,QC,Canada
CA1586,Sherbrooke Store 17,Sherbrooke,Quebec,QC,Canada
CA1587,Saguenay Store 17,Saguenay,Quebec,QC,Canada
CA1588,Levis Store 17,Levis,Quebec,QC,Canada
CA1589,Trois-Rivieres Store 17,Trois-Rivieres,Quebec,QC,Canada
CA1590,Terrebonne Store 17,Terrebonne,Quebec,QC,Canada
CA1591,Montreal Store 18,Montreal,Quebec,QC,Canada
CA1592,Quebec City Store 18,Quebec City,Quebec,QC,Canada
CA1593,Laval Store 18,Laval,Quebec,QC,Canada
CA1594,Gatineau Store 18,Gatineau,Quebec,QC,Canada
CA1595,Longueuil Store 18,Longueuil,Quebec,QC,Canada
CA1596,Sherbrooke Store 18,Sherbrooke,Quebec,QC,Canada
CA1597,Saguenay Store 18,Saguenay,Quebec,QC,Canada
CA1598,Levis Store 18,Levis,Quebec,QC,Canada
CA1599,Trois-Rivieres Store 18,Trois-Rivieres,Quebec,QC,Canada
CA1600,Terrebonne Store 18,Terrebonne,Quebec,QC,Canada
CA1601,Montreal Store 19,Montreal,Quebec,QC,Canada
CA1602,Quebec City Store 19,Quebec City,Quebec,QC,Canada
CA1603,Laval Store 19,Laval,Quebec,QC,Canada
CA1604,Gatineau Store 19,Gatineau,Quebec,QC,Canada
CA1605,Longueuil Store 19,Longueuil,Quebec,QC,Canada
CA1606,Sherbrooke Store 19,Sherbrooke,Quebec,QC,Canada
CA1607,Saguenay Store 19,Saguenay,Quebec,QC,Canada
CA1608,Levis Store 19,Levis,Quebec,QC,Canada
CA1609,Trois-Rivieres Store 19,Trois-Rivieres,Quebec,QC,Canada
CA1610,Terrebonne Store 19,Terrebonne,Quebec,QC,Canada
CA1611,Montreal Store 20,Montreal,Quebec,QC,Canada
CA1612,Quebec City Store 20,Quebec City,Quebec,QC,Canada
CA1613,Laval Store 20,Laval,Quebec,QC,Canada
CA1614,Gatineau Store 20,Gatineau,Quebec,QC,Canada
CA1615,Longueuil Store 20,Longueuil,Quebec,QC,Canada
CA1616,Sherbrooke Store 20,Sherbrooke,Quebec,QC,Canada
CA1617,Saguenay Store 20,Saguenay,Quebec,QC,Canada
CA1618,Levis Store 20,Levis,Quebec,QC,Canada
CA1619,Trois-Rivieres Store 20,Trois-Rivieres,Quebec,QC,Canada
CA1620,Terrebonne Store 20,Terrebonne,Quebec,QC,Canada
CA1621,Montreal Store 21,Montreal,Quebec,QC,Canada
CA1622,Quebec City Store 21,Quebec City,Quebec,QC,Canada
CA1623,Laval Store 21,Laval,Quebec,QC,Canada
CA1624,Gatineau Store 21,Gatineau,Quebec,QC,Canada
CA1625,Longueuil Store 21,Longueuil,Quebec,QC,Canada
CA1626,Sherbrooke Store 21,Sherbrooke,Quebec,QC,Canada
CA1627,Saguenay Store 21,Saguenay,Quebec,QC,Canada
CA1628,Levis Store 21,Levis,Quebec,QC,Canada
CA1629,Trois-Rivieres Store 21,Trois-Rivieres,Quebec,QC,Canada
CA1630,Terrebonne Store 21,Terrebonne,Quebec,QC,Canada
CA1631,Montreal Store 22,Montreal,Quebec,QC,Canada
CA1632,Quebec City Store 22,Quebec City,Quebec,QC,Canada
CA1633,Laval Store 22,Laval,Quebec,QC,Canada
CA1634,Gatineau Store 22,Gatineau,Quebec,QC,Canada
CA1635,Longueuil Store 22,Longueuil,Quebec,QC,Canada
CA1636,Sherbrooke Store 22,Sherbrooke,Quebec,QC,Canada
CA1637,Saguenay Store 22,Saguenay,Quebec,QC,Canada
CA1638,Levis Store 22,Levis,Quebec,QC,Canada
CA1639,Trois-Rivieres Store 22,Trois-Rivieres,Quebec,QC,Canada
CA1640,Terrebonne Store 22,Terrebonne,Quebec,QC,Canada
CA1641,Montreal Store 23,Montreal,Quebec,QC,Canada
CA1642,Quebec City Store 23,Quebec City,Quebec,QC,Canada
CA1643,Laval Store 23,Laval,Quebec,QC,Canada
CA1644,Gatineau Store 23,Gatineau,Quebec,QC,Canada
CA1645,Longueuil Store 23,Longueuil,Quebec,QC,Canada
CA1646,Sherbrooke Store 23,Sherbrooke,Quebec,QC,Canada
CA1647,Saguenay Store 23,Saguenay,Quebec,QC,Canada
CA1648,Levis Store 23,Levis,Quebec,QC,Canada
CA1649,Trois-Rivieres Store 23,Trois-Rivieres,Quebec,QC,Canada
CA1650,Terrebonne Store 23,Terrebonne,Quebec,QC,Canada
CA1651,Montreal Store 24,Montreal,Quebec,QC,Canada
CA1652,Quebec City Store 24,Quebec City,Quebec,QC,Canada
CA1653,Laval Store 24,Laval,Quebec,QC,Canada
CA1654,Gatineau Store 24,Gatineau,Quebec,QC,Canada
CA1655,Longueuil Store 24,Longueuil,Quebec,QC,Canada
CA1656,Sherbrooke Store 24,Sherbrooke,Quebec,QC,Canada
CA1657,Saguenay Store 24,Saguenay,Quebec,QC,Canada
CA1658,Levis Store 24,Levis,Quebec,QC,Canada
CA1659,Trois-Rivieres Store 24,Trois-Rivieres,Quebec,QC,Canada
CA1660,Terrebonne Store 24,Terrebonne,Quebec,QC,Canada
CA1661,Montreal Store 25,Montreal,Quebec,QC,Canada
CA1662,Quebec City Store 25,Quebec City,Quebec,QC,Canada
CA1663,Laval Store 25,Laval,Quebec,QC,Canada
CA1664,Gatineau Store 25,Gatineau,Quebec,QC,Canada
CA1665,Longueuil Store 25,Longueuil,Quebec,QC,Canada
CA1666,Sherbrooke Store 25,Sherbrooke,Quebec,QC,Canada
CA1667,Saguenay Store 25,Saguenay,Quebec,QC,Canada
CA1668,Levis Store 25,Levis,Quebec,QC,Canada
CA1669,Trois-Rivieres Store 25,Trois-Rivieres,Quebec,QC,Canada
CA1670,Terrebonne Store 25,Terrebonne,Quebec,QC,Canada
CA1671,Montreal Store 26,Montreal,Quebec,QC,Canada
CA1672,Quebec City Store 26,Quebec City,Quebec,QC,Canada
CA1673,Laval Store 26,Laval,Quebec,QC,Canada
CA1674,Gatineau Store 26,Gatineau,Quebec,QC,Canada
CA1675,Longueuil Store 26,Longueuil,Quebec,QC,Canada
CA1676,Sherbrooke Store 26,Sherbrooke,Quebec,QC,Canada
CA1677,Saguenay Store 26,Saguenay,Quebec,QC,Canada
CA1678,Levis Store 26,Levis,Quebec,QC,Canada
CA1679,Trois-Rivieres Store 26,Trois-Rivieres,Quebec,QC,Canada
CA1680,Terrebonne Store 26,Terrebonne,Quebec,QC,Canada
CA1681,Montreal Store 27,Montreal,Quebec,QC,Canada
CA1682,Quebec City Store 27,Quebec City,Quebec,QC,Canada
CA1683,Laval Store 27,Laval,Quebec,QC,Canada
CA1684,Gatineau Store 27,Gatineau,Quebec,QC,Canada
CA1685,Longueuil Store 27,Longueuil,Quebec,QC,Canada
CA1686,Sherbrooke Store 27,Sherbrooke,Quebec,QC,Canada
CA1687,Saguenay Store 27,Saguenay,Quebec,QC,Canada
CA1688,Levis Store 27,Levis,Quebec,QC,Canada
CA1689,Trois-Rivieres Store 27,Trois-Rivieres,Quebec,QC,Canada
CA1690,Terrebonne Store 27,Terrebonne,Quebec,QC,Canada
CA1691,Montreal Store 28,Montreal,Quebec,QC,Canada
CA1692,Quebec City Store 28,Quebec City,Quebec,QC,Canada
CA1693,Laval Store 28,Laval,Quebec,QC,Canada
CA1694,Gatineau Store 28,Gatineau,Quebec,QC,Canada
CA1695,Longueuil Store 28,Longueuil,Quebec,QC,Canada
CA1696,Sherbrooke Store 28,Sherbrooke,Quebec,QC,Canada
CA1697,Saguenay Store 28,Saguenay,Quebec,QC,Canada
CA1698,Levis Store 28,Levis,Quebec,QC,Canada
CA1699,Trois-Rivieres Store 28,Trois-Rivieres,Quebec,QC,Canada
CA1700,Terrebonne Store 28,Terrebonne,Quebec,QC,Canada
CA1701,Vancouver Store 1,Vancouver,British Columbia,BC,Canada
CA1702,Surrey Store 1,Surrey,British Columbia,BC,Canada
CA1703,Burnaby Store 1,Burnaby,British Columbia,BC,Canada
CA1704,Richmond Store 1,Richmond,British Columbia,BC,Canada
CA1705,Kelowna Store 1,Kelowna,British Columbia,BC,Canada
CA1706,Abbotsford Store 1,Abbotsford,British Columbia,BC,Canada
CA1707,Coquitlam Store 1,Coquitlam,British Columbia,BC,Canada
CA1708,Langley Store 1,Langley,British Columbia,BC,Canada
CA1709,Saanich Store 1,Saanich,British Columbia,BC,Canada
CA1710,Delta Store 1,Delta,British Columbia,BC,Canada
CA1711,Vancouver Store 2,Vancouver,British Columbia,BC,Canada
CA1712,Surrey Store 2,Surrey,British Columbia,BC,Canada
CA1713,Burnaby Store 2,Burnaby,British Columbia,BC,Canada
CA1714,Richmond Store 2,Richmond,British Columbia,BC,Canada
CA1715,Kelowna Store 2,Kelowna,British Columbia,BC,Canada
CA1716,Abbotsford Store 2,Abbotsford,British Columbia,BC,Canada
CA1717,Coquitlam Store 2,Coquitlam,British Columbia,BC,Canada
CA1718,Langley Store 2,Langley,British Columbia,BC,Canada
CA1719,Saanich Store 2,Saanich,British Columbia,BC,Canada
CA1720,Delta Store 2,Delta,British Columbia,BC,Canada
CA1721,Vancouver Store 3,Vancouver,British Columbia,BC,Canada
CA1722,Surrey Store 3,Surrey,British Columbia,BC,Canada
CA1723,Burnaby Store 3,Burnaby,British Columbia,BC,Canada
CA1724,Richmond Store 3,Richmond,British Columbia,BC,Canada
CA1725,Kelowna Store 3,Kelowna,British Columbia,BC,Canada
CA1726,Abbotsford Store 3,Abbotsford,British Columbia,BC,Canada
CA1727,Coquitlam Store 3,Coquitlam,British Columbia,BC,Canada
CA1728,Langley Store 3,Langley,British Columbia,BC,Canada
CA1729,Saanich Store 3,Saanich,British Columbia,BC,Canada
CA1730,Delta Store 3,Delta,British Columbia,BC,Canada
CA1731,Vancouver Store 4,Vancouver,British Columbia,BC,Canada
CA1732,Surrey Store 4,Surrey,British Columbia,BC,Canada
CA1733,Burnaby Store 4,Burnaby,British Columbia,BC,Canada
CA1734,Richmond Store 4,Richmond,British Columbia,BC,Canada
CA1735,Kelowna Store 4,Kelowna,British Columbia,BC,Canada
CA1736,Abbotsford Store 4,Abbotsford,British Columbia,BC,Canada
CA1737,Coquitlam Store 4,Coquitlam,British Columbia,BC,Canada
CA1738,Langley Store 4,Langley,British Columbia,BC,Canada
CA1739,Saanich Store 4,Saanich,British Columbia,BC,Canada
CA1740,Delta Store 4,Delta,British Columbia,BC,Canada
CA1741,Vancouver Store 5,Vancouver,British Columbia,BC,Canada
CA1742,Surrey Store 5,Surrey,British Columbia,BC,Canada
CA1743,Burnaby Store 5,Burnaby,British Columbia,BC,Canada
CA1744,Richmond Store 5,Richmond,British Columbia,BC,Canada
CA1745,Kelowna Store 5,Kelowna,British Columbia,BC,Canada
CA1746,Abbotsford Store 5,Abbotsford,British Columbia,BC,Canada
CA1747,Coquitlam Store 5,Coquitlam,British Columbia,BC,Canada
CA1748,Langley Store 5,Langley,British Columbia,BC,Canada
CA1749,Saanich Store 5,Saanich,British Columbia,BC,Canada
CA1750,Delta Store 5,Delta,British Columbia,BC,Canada
CA1751,Vancouver Store 6,Vancouver,British Columbia,BC,Canada
CA1752,Surrey Store 6,Surrey,British Columbia,BC,Canada
CA1753,Burnaby Store 6,Burnaby,British Columbia,BC,Canada
CA1754,Richmond Store 6,Richmond,British Columbia,BC,Canada
CA1755,Kelowna Store 6,Kelowna,British Columbia,BC,Canada
CA1756,Abbotsford Store 6,Abbotsford,British Columbia,BC,Canada
CA1757,Coquitlam Store 6,Coquitlam,British Columbia,BC,Canada
CA1758,Langley Store 6,Langley,British Columbia,BC,Canada
CA1759,Saanich Store 6,Saanich,British Columbia,BC,Canada
CA1760,Delta Store 6,Delta,British Columbia,BC,Canada
CA1761,Vancouver Store 7,Vancouver,British Columbia,BC,Canada
CA1762,Surrey Store 7,Surrey,British Columbia,BC,Canada
CA1763,Burnaby Store 7,Burnaby,British Columbia,BC,Canada
CA1764,Richmond Store 7,Richmond,British Columbia,BC,Canada
CA1765,Kelowna Store 7,Kelowna,British Columbia,BC,Canada
CA1766,Abbotsford Store 7,Abbotsford,British Columbia,BC,Canada
CA1767,Coquitlam Store 7,Coquitlam,British Columbia,BC,Canada
CA1768,Langley Store 7,Langley,British Columbia,BC,Canada
CA1769,Saanich Store 7,Saanich,British Columbia,BC,Canada
CA1770,Delta Store 7,Delta,British Columbia,BC,Canada
CA1771,Vancouver Store 8,Vancouver,British Columbia,BC,Canada
CA1772,Surrey Store 8,Surrey,British Columbia,BC,Canada
CA1773,Burnaby Store 8,Burnaby,British Columbia,BC,Canada
CA1774,Richmond Store 8,Richmond,British Columbia,BC,Canada
CA1775,Kelowna Store 8,Kelowna,British Columbia,BC,Canada
CA1776,Abbotsford Store 8,Abbotsford,British Columbia,BC,Canada
CA1777,Coquitlam Store 8,Coquitlam,British Columbia,BC,Canada
CA1778,Langley Store 8,Langley,British Columbia,BC,Canada
CA1779,Saanich Store 8,Saanich,British Columbia,BC,Canada
CA1780,Delta Store 8,Delta,British Columbia,BC,Canada
CA1781,Vancouver Store 9,Vancouver,British Columbia,BC,Canada
CA1782,Surrey Store 9,Surrey,British Columbia,BC,Canada
CA1783,Burnaby Store 9,Burnaby,British Columbia,BC,Canada
CA1784,Richmond Store 9,Richmond,British Columbia,BC,Canada
CA1785,Kelowna Store 9,Kelowna,British Columbia,BC,Canada
CA1786,Abbotsford Store 9,Abbotsford,British Columbia,BC,Canada
CA1787,Coquitlam Store 9,Coquitlam,British Columbia,BC,Canada
CA1788,Langley Store 9,Langley,British Columbia,BC,Canada
CA1789,Saanich Store 9,Saanich,British Columbia,BC,Canada
CA1790,Delta Store 9,Delta,British Columbia,BC,Canada
CA1791,Vancouver Store 10,Vancouver,British Columbia,BC,Canada
CA1792,Surrey Store 10,Surrey,British Columbia,BC,Canada
CA1793,Burnaby Store 10,Burnaby,British Columbia,BC,Canada
CA1794,Richmond Store 10,Richmond,British Columbia,BC,Canada
CA1795,Kelowna Store 10,Kelowna,British Columbia,BC,Canada
CA1796,Abbotsford Store 10,Abbotsford,British Columbia,BC,Canada
CA1797,Coquitlam Store 10,Coquitlam,British Columbia,BC,Canada
CA1798,Langley Store 10,Langley,British Columbia,BC,Canada
CA1799,Saanich Store 10,Saanich,British Columbia,BC,Canada
CA1800,Delta Store 10,Delta,British Columbia,BC,Canada
CA1801,Vancouver Store 11,Vancouver,British Columbia,BC,Canada
CA1802,Surrey Store 11,Surrey,British Columbia,BC,Canada
CA1803,Burnaby Store 11,Burnaby,British Columbia,BC,Canada
CA1804,Richmond Store 11,Richmond,British Columbia,BC,Canada
CA1805,Kelowna Store 11,Kelowna,British Columbia,BC,Canada
CA1806,Abbotsford Store 11,Abbotsford,British Columbia,BC,Canada
CA1807,Coquitlam Store 11,Coquitlam,British Columbia,BC,Canada
CA1808,Langley Store 11,Langley,British Columbia,BC,Canada
CA1809,Saanich Store 11,Saanich,British Columbia,BC,Canada
CA1810,Delta Store 11,Delta,British Columbia,BC,Canada
CA1811,Vancouver Store 12,Vancouver,British Columbia,BC,Canada
CA1812,Surrey Store 12,Surrey,British Columbia,BC,Canada
CA1813,Burnaby Store 12,Burnaby,British Columbia,BC,Canada
CA1814,Richmond Store 12,Richmond,British Columbia,BC,Canada
CA1815,Kelowna Store 12,Kelowna,British Columbia,BC,Canada
CA1816,Abbotsford Store 12,Abbotsford,British Columbia,BC,Canada
CA1817,Coquitlam Store 12,Coquitlam,British Columbia,BC,Canada
CA1818,Langley Store 12,Langley,British Columbia,BC,Canada
CA1819,Saanich Store 12,Saanich,British Columbia,BC,Canada
CA1820,Delta Store 12,Delta,British Columbia,BC,Canada
CA1821,Vancouver Store 13,Vancouver,British Columbia,BC,Canada
CA1822,Surrey Store 13,Surrey,British Columbia,BC,Canada
CA1823,Burnaby Store 13,Burnaby,British Columbia,BC,Canada
CA1824,Richmond Store 13,Richmond,British Columbia,BC,Canada
CA1825,Kelowna Store 13,Kelowna,British Columbia,BC,Canada
CA1826,Abbotsford Store 13,Abbotsford,British Columbia,BC,Canada
CA1827,Coquitlam Store 13,Coquitlam,British Columbia,BC,Canada
CA1828,Langley Store 13,Langley,British Columbia,BC,Canada
CA1829,Saanich Store 13,Saanich,British Columbia,BC,Canada
CA1830,Delta Store 13,Delta,British Columbia,BC,Canada
CA1831,Vancouver Store 14,Vancouver,British Columbia,BC,Canada
CA1832,Surrey Store 14,Surrey,British Columbia,BC,Canada
CA1833,Burnaby Store 14,Burnaby,British Columbia,BC,Canada
CA1834,Richmond Store 14,Richmond,British Columbia,BC,Canada
CA1835,Kelowna Store 14,Kelowna,British Columbia,BC,Canada
CA1836,Abbotsford Store 14,Abbotsford,British Columbia,BC,Canada
CA1837,Coquitlam Store 14,Coquitlam,British Columbia,BC,Canada
CA1838,Langley Store 14,Langley,British Columbia,BC,Canada
CA1839,Saanich Store 14,Saanich,British Columbia,BC,Canada
CA1840,Delta Store 14,Delta,British Columbia,BC,Canada
CA1841,Vancouver Store 15,Vancouver,British Columbia,BC,Canada
CA1842,Surrey Store 15,Surrey,British Columbia,BC,Canada
CA1843,Burnaby Store 15,Burnaby,British Columbia,BC,Canada
CA1844,Richmond Store 15,Richmond,British Columbia,BC,Canada
CA1845,Kelowna Store 15,Kelowna,British Columbia,BC,Canada
CA1846,Abbotsford Store 15,Abbotsford,British Columbia,BC,Canada
CA1847,Coquitlam Store 15,Coquitlam,British Columbia,BC,Canada
CA1848,Langley Store 15,Langley,British Columbia,BC,Canada
CA1849,Saanich Store 15,Saanich,British Columbia,BC,Canada
CA1850,Delta Store 15,Delta,British Columbia,BC,Canada
CA1851,Vancouver Store 16,Vancouver,British Columbia,BC,Canada
CA1852,Surrey Store 16,Surrey,British Columbia,BC,Canada
CA1853,Burnaby Store 16,Burnaby,British Columbia,BC,Canada
CA1854,Richmond Store 16,Richmond,British Columbia,BC,Canada
CA1855,Kelowna Store 16,Kelowna,British Columbia,BC,Canada
CA1856,Abbotsford Store 16,Abbotsford,British Columbia,BC,Canada
CA1857,Coquitlam Store 16,Coquitlam,British Columbia,BC,Canada
CA1858,Langley Store 16,Langley,British Columbia,BC,Canada
CA1859,Saanich Store 16,Saanich,British Columbia,BC,Canada
CA1860,Delta Store 16,Delta,British Columbia,BC,Canada
CA1861,Vancouver Store 17,Vancouver,British Columbia,BC,Canada
CA1862,Surrey Store 17,Surrey,British Columbia,BC,Canada
CA1863,Burnaby Store 17,Burnaby,British Columbia,BC,Canada
CA1864,Richmond Store 17,Richmond,British Columbia,BC,Canada
CA1865,Kelowna Store 17,Kelowna,British Columbia,BC,Canada
CA1866,Abbotsford Store 17,Abbotsford,British Columbia,BC,Canada
CA1867,Coquitlam Store 17,Coquitlam,British Columbia,BC,Canada
CA1868,Langley Store 17,Langley,British Columbia,BC,Canada
CA1869,Saanich Store 17,Saanich,British Columbia,BC,Canada
CA1870,Delta Store 17,Delta,British Columbia,BC,Canada
CA1871,Vancouver Store 18,Vancouver,British Columbia,BC,Canada
CA1872,Surrey Store 18,Surrey,British Columbia,BC,Canada
CA1873,Burnaby Store 18,Burnaby,British Columbia,BC,Canada
CA1874,Richmond Store 18,Richmond,British Columbia,BC,Canada
CA1875,Kelowna Store 18,Kelowna,British Columbia,BC,Canada
CA1876,Abbotsford Store 18,Abbotsford,British Columbia,BC,Canada
CA1877,Coquitlam Store 18,Coquitlam,British Columbia,BC,Canada
CA1878,Langley Store 18,Langley,British Columbia,BC,Canada
CA1879,Saanich Store 18,Saanich,British Columbia,BC,Canada
CA1880,Delta Store 18,Delta,British Columbia,BC,Canada
CA1881,Calgary Store 1,Calgary,Alberta,AB,Canada
CA1882,Edmonton Store 1,Edmonton,Alberta,AB,Canada
CA1883,Red Deer Store 1,Red Deer,Alberta,AB,Canada
CA1884,Lethbridge Store 1,Lethbridge,Alberta,AB,Canada
CA1885,St. Albert Store 1,St. Albert,Alberta,AB,Canada
CA1886,Medicine Hat Store 1,Medicine Hat,Alberta,AB,Canada
CA1887,Grande Prairie Store 1,Grande Prairie,Alberta,AB,Canada
CA1888,Airdrie Store 1,Airdrie,Alberta,AB,Canada
CA1889,Spruce Grove Store 1,Spruce Grove,Alberta,AB,Canada
CA1890,Leduc Store 1,Leduc,Alberta,AB,Canada
CA1891,Calgary Store 2,Calgary,Alberta,AB,Canada
CA1892,Edmonton Store 2,Edmonton,Alberta,AB,Canada
CA1893,Red Deer Store 2,Red Deer,Alberta,AB,Canada
CA1894,Lethbridge Store 2,Lethbridge,Alberta,AB,Canada
CA1895,St. Albert Store 2,St. Albert,Alberta,AB,Canada
CA1896,Medicine Hat Store 2,Medicine Hat,Alberta,AB,Canada
CA1897,Grande Prairie Store 2,Grande Prairie,Alberta,AB,Canada
CA1898,Airdrie Store 2,Airdrie,Alberta,AB,Canada
CA1899,Spruce Grove Store 2,Spruce Grove,Alberta,AB,Canada
CA1900,Leduc Store 2,Leduc,Alberta,AB,Canada
CA1901,Calgary Store 3,Calgary,Alberta,AB,Canada
CA1902,Edmonton Store 3,Edmonton,Alberta,AB,Canada
CA1903,Red Deer Store 3,Red Deer,Alberta,AB,Canada
CA1904,Lethbridge Store 3,Lethbridge,Alberta,AB,Canada
CA1905,St. Albert Store 3,St. Albert,Alberta,AB,Canada
CA1906,Medicine Hat Store 3,Medicine Hat,Alberta,AB,Canada
CA1907,Grande Prairie Store 3,Grande Prairie,Alberta,AB,Canada
CA1908,Airdrie Store 3,Airdrie,Alberta,AB,Canada
CA1909,Spruce Grove Store 3,Spruce Grove,Alberta,AB,Canada
CA1910,Leduc Store 3,Leduc,Alberta,AB,Canada
CA1911,Calgary Store 4,Calgary,Alberta,AB,Canada
CA1912,Edmonton Store 4,Edmonton,Alberta,AB,Canada
CA1913,Red Deer Store 4,Red Deer,Alberta,AB,Canada
CA1914,Lethbridge Store 4,Lethbridge,Alberta,AB,Canada
CA1915,St. Albert Store 4,St. Albert,Alberta,AB,Canada
CA1916,Medicine Hat Store 4,Medicine Hat,Alberta,AB,Canada
CA1917,Grande Prairie Store 4,Grande Prairie,Alberta,AB,Canada
CA1918,Airdrie Store 4,Airdrie,Alberta,AB,Canada
CA1919,Spruce Grove Store 4,Spruce Grove,Alberta,AB,Canada
CA1920,Leduc Store 4,Leduc,Alberta,AB,Canada
CA1921,Calgary Store 5,Calgary,Alberta,AB,Canada
CA1922,Edmonton Store 5,Edmonton,Alberta,AB,Canada
CA1923,Red Deer Store 5,Red Deer,Alberta,AB,Canada
CA1924,Lethbridge Store 5,Lethbridge,Alberta,AB,Canada
CA1925,St. Albert Store 5,St. Albert,Alberta,AB,Canada
CA1926,Medicine Hat Store 5,Medicine Hat,Alberta,AB,Canada
CA1927,Grande Prairie Store 5,Grande Prairie,Alberta,AB,Canada
CA1928,Airdrie Store 5,Airdrie,Alberta,AB,Canada
CA1929,Spruce Grove Store 5,Spruce Grove,Alberta,AB,Canada
CA1930,Leduc Store 5,Leduc,Alberta,AB,Canada
CA1931,Calgary Store 6,Calgary,Alberta,AB,Canada
CA1932,Edmonton Store 6,Edmonton,Alberta,AB,Canada
CA1933,Red Deer Store 6,Red Deer,Alberta,AB,Canada
CA1934,Lethbridge Store 6,Lethbridge,Alberta,AB,Canada
CA1935,St. Albert Store 6,St. Albert,Alberta,AB,Canada
CA1936,Medicine Hat Store 6,Medicine Hat,Alberta,AB,Canada
CA1937,Grande Prairie Store 6,Grande Prairie,Alberta,AB,Canada
CA1938,Airdrie Store 6,Airdrie,Alberta,AB,Canada
CA1939,Spruce Grove Store 6,Spruce Grove,Alberta,AB,Canada
CA1940,Leduc Store 6,Leduc,Alberta,AB,Canada
CA1941,Calgary Store 7,Calgary,Alberta,AB,Canada
CA1942,Edmonton Store 7,Edmonton,Alberta,AB,Canada
CA1943,Red Deer Store 7,Red Deer,Alberta,AB,Canada
CA1944,Lethbridge Store 7,Lethbridge,Alberta,AB,Canada
CA1945,St. Albert Store 7,St. Albert,Alberta,AB,Canada
CA1946,Medicine Hat Store 7,Medicine Hat,Alberta,AB,Canada
CA1947,Grande Prairie Store 7,Grande Prairie,Alberta,AB,Canada
CA1948,Airdrie Store 7,Airdrie,Alberta,AB,Canada
CA1949,Spruce Grove Store 7,Spruce Grove,Alberta,AB,Canada
CA1950,Leduc Store 7,Leduc,Alberta,AB,Canada
CA1951,Calgary Store 8,Calgary,Alberta,AB,Canada
CA1952,Edmonton Store 8,Edmonton,Alberta,AB,Canada
CA1953,Red Deer Store 8,Red Deer,Alberta,AB,Canada
CA1954,Lethbridge Store 8,Lethbridge,Alberta,AB,Canada
CA1955,St. Albert Store 8,St. Albert,Alberta,AB,Canada
CA1956,Medicine Hat Store 8,Medicine Hat,Alberta,AB,Canada
CA1957,Grande Prairie Store 8,Grande Prairie,Alberta,AB,Canada
CA1958,Airdrie Store 8,Airdrie,Alberta,AB,Canada
CA1959,Spruce Grove Store 8,Spruce Grove,Alberta,AB,Canada
CA1960,Leduc Store 8,Leduc,Alberta,AB,Canada
CA1961,Calgary Store 9,Calgary,Alberta,AB,Canada
CA1962,Edmonton Store 9,Edmonton,Alberta,AB,Canada
CA1963,Red Deer Store 9,Red Deer,Alberta,AB,Canada
CA1964,Lethbridge Store 9,Lethbridge,Alberta,AB,Canada
CA1965,St. Albert Store 9,St. Albert,Alberta,AB,Canada
CA1966,Medicine Hat Store 9,Medicine Hat,Alberta,AB,Canada
CA1967,Grande Prairie Store 9,Grande Prairie,Alberta,AB,Canada
CA1968,Airdrie Store 9,Airdrie,Alberta,AB,Canada
CA1969,Spruce Grove Store 9,Spruce Grove,Alberta,AB,Canada
CA1970,Leduc Store 9,Leduc,Alberta,AB,Canada
CA1971,Calgary Store 10,Calgary,Alberta,AB,Canada
CA1972,Edmonton Store 10,Edmonton,Alberta,AB,Canada
CA1973,Red Deer Store 10,Red Deer,Alberta,AB,Canada
CA1974,Lethbridge Store 10,Lethbridge,Alberta,AB,Canada
CA1975,St. Albert Store 10,St. Albert,Alberta,AB,Canada
CA1976,Medicine Hat Store 10,Medicine Hat,Alberta,AB,Canada
CA1977,Grande Prairie Store 10,Grande Prairie,Alberta,AB,Canada
CA1978,Airdrie Store 10,Airdrie,Alberta,AB,Canada
CA1979,Spruce Grove Store 10,Spruce Grove,Alberta,AB,Canada
CA1980,Leduc Store 10,Leduc,Alberta,AB,Canada
CA1981,Calgary Store 11,Calgary,Alberta,AB,Canada
CA1982,Edmonton Store 11,Edmonton,Alberta,AB,Canada
CA1983,Red Deer Store 11,Red Deer,Alberta,AB,Canada
CA1984,Lethbridge Store 11,Lethbridge,Alberta,AB,Canada
CA1985,St. Albert Store 11,St. Albert,Alberta,AB,Canada
CA1986,Medicine Hat Store 11,Medicine Hat,Alberta,AB,Canada
CA1987,Grande Prairie Store 11,Grande Prairie,Alberta,AB,Canada
CA1988,Airdrie Store 11,Airdrie,Alberta,AB,Canada
CA1989,Spruce Grove Store 11,Spruce Grove,Alberta,AB,Canada
CA1990,Leduc Store 11,Leduc,Alberta,AB,Canada
CA1991,Calgary Store 12,Calgary,Alberta,AB,Canada
CA1992,Edmonton Store 12,Edmonton,Alberta,AB,Canada
CA1993,Red Deer Store 12,Red Deer,Alberta,AB,Canada
CA1994,Lethbridge Store 12,Lethbridge,Alberta,AB,Canada
CA1995,St. Albert Store 12,St. Albert,Alberta,AB,Canada
CA1996,Medicine Hat Store 12,Medicine Hat,Alberta,AB,Canada
CA1997,Grande Prairie Store 12,Grande Prairie,Alberta,AB,Canada
CA1998,Airdrie Store 12,Airdrie,Alberta,AB,Canada
CA1999,Spruce Grove Store 12,Spruce Grove,Alberta,AB,Canada
CA2000,Leduc Store 12,Leduc,Alberta,AB,Canada
CA2001,Calgary Store 13,Calgary,Alberta,AB,Canada
CA2002,Edmonton Store 13,Edmonton,Alberta,AB,Canada
CA2003,Red Deer Store 13,Red Deer,Alberta,AB,Canada
CA2004,Lethbridge Store 13,Lethbridge,Alberta,AB,Canada
CA2005,St. Albert Store 13,St. Albert,Alberta,AB,Canada
CA2006,Medicine Hat Store 13,Medicine Hat,Alberta,AB,Canada
CA2007,Grande Prairie Store 13,Grande Prairie,Alberta,AB,Canada
CA2008,Airdrie Store 13,Airdrie,Alberta,AB,Canada
CA2009,Spruce Grove Store 13,Spruce Grove,Alberta,AB,Canada
CA2010,Leduc Store 13,Leduc,Alberta,AB,Canada
CA2011,Calgary Store 14,Calgary,Alberta,AB,Canada
CA2012,Edmonton Store 14,Edmonton,Alberta,AB,Canada
CA2013,Red Deer Store 14,Red Deer,Alberta,AB,Canada
CA2014,Lethbridge Store 14,Lethbridge,Alberta,AB,Canada
CA2015,St. Albert Store 14,St. Albert,Alberta,AB,Canada
CA2016,Medicine Hat Store 14,Medicine Hat,Alberta,AB,Canada
CA2017,Grande Prairie Store 14,Grande Prairie,Alberta,AB,Canada
CA2018,Airdrie Store 14,Airdrie,Alberta,AB,Canada
CA2019,Spruce Grove Store 14,Spruce Grove,Alberta,AB,Canada
CA2020,Leduc Store 14,Leduc,Alberta,AB,Canada
CA2021,Calgary Store 15,Calgary,Alberta,AB,Canada
CA2022,Edmonton Store 15,Edmonton,Alberta,AB,Canada
CA2023,Red Deer Store 15,Red Deer,Alberta,AB,Canada
CA2024,Lethbridge Store 15,Lethbridge,Alberta,AB,Canada
CA2025,St. Albert Store 15,St. Albert,Alberta,AB,Canada
CA2026,Medicine Hat Store 15,Medicine Hat,Alberta,AB,Canada
CA2027,Grande Prairie Store 15,Grande Prairie,Alberta,AB,Canada
CA2028,Airdrie Store 15,Airdrie,Alberta,AB,Canada
CA2029,Spruce Grove Store 15,Spruce Grove,Alberta,AB,Canada
CA2030,Leduc Store 15,Leduc,Alberta,AB,Canada
CA2031,Calgary Store 16,Calgary,Alberta,AB,Canada
CA2032,Edmonton Store 16,Edmonton,Alberta,AB,Canada
CA2033,Red Deer Store 16,Red Deer,Alberta,AB,Canada
CA2034,Lethbridge Store 16,Lethbridge,Alberta,AB,Canada
CA2035,St. Albert Store 16,St. Albert,Alberta,AB,Canada
CA2036,Medicine Hat Store 16,Medicine Hat,Alberta,AB,Canada
CA2037,Grande Prairie Store 16,Grande Prairie,Alberta,AB,Canada
CA2038,Airdrie Store 16,Airdrie,Alberta,AB,Canada
CA2039,Spruce Grove Store 16,Spruce Grove,Alberta,AB,Canada
CA2040,Leduc Store 16,Leduc,Alberta,AB,Canada
CA2041,Winnipeg Store 1,Winnipeg,Manitoba,MB,Canada
CA2042,Brandon Store 1,Brandon,Manitoba,MB,Canada
CA2043,Steinbach Store 1,Steinbach,Manitoba,MB,Canada
CA2044,Thompson Store 1,Thompson,Manitoba,MB,Canada
CA2045,Portage la Prairie Store 1,Portage la Prairie,Manitoba,MB,Canada
CA2046,Winnipeg Store 2,Winnipeg,Manitoba,MB,Canada
CA2047,Brandon Store 2,Brandon,Manitoba,MB,Canada
CA2048,Steinbach Store 2,Steinbach,Manitoba,MB,Canada
CA2049,Thompson Store 2,Thompson,Manitoba,MB,Canada
CA2050,Portage la Prairie Store 2,Portage la Prairie,Manitoba,MB,Canada
CA2051,Winnipeg Store 3,Winnipeg,Manitoba,MB,Canada
CA2052,Brandon Store 3,Brandon,Manitoba,MB,Canada
CA2053,Steinbach Store 3,Steinbach,Manitoba,MB,Canada
CA2054,Thompson Store 3,Thompson,Manitoba,MB,Canada
CA2055,Portage la Prairie Store 3,Portage la Prairie,Manitoba,MB,Canada
CA2056,Winnipeg Store 4,Winnipeg,Manitoba,MB,Canada
CA2057,Brandon Store 4,Brandon,Manitoba,MB,Canada
CA2058,Steinbach Store 4,Steinbach,Manitoba,MB,Canada
CA2059,Thompson Store 4,Thompson,Manitoba,MB,Canada
CA2060,Portage la Prairie Store 4,Portage la Prairie,Manitoba,MB,Canada
CA2061,Winnipeg Store 5,Winnipeg,Manitoba,MB,Canada
CA2062,Brandon Store 5,Brandon,Manitoba,MB,Canada
CA2063,Steinbach Store 5,Steinbach,Manitoba,MB,Canada
CA2064,Thompson Store 5,Thompson,Manitoba,MB,Canada
CA2065,Portage la Prairie Store 5,Portage la Prairie,Manitoba,MB,Canada
CA2066,Winnipeg Store 6,Winnipeg,Manitoba,MB,Canada
CA2067,Brandon Store 6,Brandon,Manitoba,MB,Canada
CA2068,Steinbach Store 6,Steinbach,Manitoba,MB,Canada
CA2069,Thompson Store 6,Thompson,Manitoba,MB,Canada
CA2070,Portage la Prairie Store 6,Portage la Prairie,Manitoba,MB,Canada
CA2071,Winnipeg Store 7,Winnipeg,Manitoba,MB,Canada
CA2072,Brandon Store 7,Brandon,Manitoba,MB,Canada
CA2073,Steinbach Store 7,Steinbach,Manitoba,MB,Canada
CA2074,Thompson Store 7,Thompson,Manitoba,MB,Canada
CA2075,Portage la Prairie Store 7,Portage la Prairie,Manitoba,MB,Canada
CA2076,Winnipeg Store 8,Winnipeg,Manitoba,MB,Canada
CA2077,Brandon Store 8,Brandon,Manitoba,MB,Canada
CA2078,Steinbach Store 8,Steinbach,Manitoba,MB,Canada
CA2079,Thompson Store 8,Thompson,Manitoba,MB,Canada
CA2080,Portage la Prairie Store 8,Portage la Prairie,Manitoba,MB,Canada
CA2081,Winnipeg Store 9,Winnipeg,Manitoba,MB,Canada
CA2082,Brandon Store 9,Brandon,Manitoba,MB,Canada
CA2083,Steinbach Store 9,Steinbach,Manitoba,MB,Canada
CA2084,Thompson Store 9,Thompson,Manitoba,MB,Canada
CA2085,Portage la Prairie Store 9,Portage la Prairie,Manitoba,MB,Canada
CA2086,Winnipeg Store 10,Winnipeg,Manitoba,MB,Canada
CA2087,Brandon Store 10,Brandon,Manitoba,MB,Canada
CA2088,Steinbach Store 10,Steinbach,Manitoba,MB,Canada
CA2089,Thompson Store 10,Thompson,Manitoba,MB,Canada
CA2090,Portage la Prairie Store 10,Portage la Prairie,Manitoba,MB,Canada
CA2091,Winnipeg Store 11,Winnipeg,Manitoba,MB,Canada
CA2092,Brandon Store 11,Brandon,Manitoba,MB,Canada
CA2093,Steinbach Store 11,Steinbach,Manitoba,MB,Canada
CA2094,Thompson Store 11,Thompson,Manitoba,MB,Canada
CA2095,Portage la Prairie Store 11,Portage la Prairie,Manitoba,MB,Canada
CA2096,Saskatoon Store 1,Saskatoon,Saskatchewan,SK,Canada
CA2097,Regina Store 1,Regina,Saskatchewan,SK,Canada
CA2098,Prince Albert Store 1,Prince Albert,Saskatchewan,SK,Canada
CA2099,Moose Jaw Store 1,Moose Jaw,Saskatchewan,SK,Canada
CA2100,Swift Current Store 1,Swift Current,Saskatchewan,SK,Canada
CA2101,Saskatoon Store 2,Saskatoon,Saskatchewan,SK,Canada
CA2102,Regina Store 2,Regina,Saskatchewan,SK,Canada
CA2103,Prince Albert Store 2,Prince Albert,Saskatchewan,SK,Canada
CA2104,Moose Jaw Store 2,Moose Jaw,Saskatchewan,SK,Canada
CA2105,Swift Current Store 2,Swift Current,Saskatchewan,SK,Canada
CA2106,Saskatoon Store 3,Saskatoon,Saskatchewan,SK,Canada
CA2107,Regina Store 3,Regina,Saskatchewan,SK,Canada
CA2108,Prince Albert Store 3,Prince Albert,Saskatchewan,SK,Canada
CA2109,Moose Jaw Store 3,Moose Jaw,Saskatchewan,SK,Canada
CA2110,Swift Current Store 3,Swift Current,Saskatchewan,SK,Canada
CA2111,Saskatoon Store 4,Saskatoon,Saskatchewan,SK,Canada
CA2112,Regina Store 4,Regina,Saskatchewan,SK,Canada
CA2113,Prince Albert Store 4,Prince Albert,Saskatchewan,SK,Canada
CA2114,Moose Jaw Store 4,Moose Jaw,Saskatchewan,SK,Canada
CA2115,Swift Current Store 4,Swift Current,Saskatchewan,SK,Canada
CA2116,Saskatoon Store 5,Saskatoon,Saskatchewan,SK,Canada
CA2117,Regina Store 5,Regina,Saskatchewan,SK,Canada
CA2118,Prince Albert Store 5,Prince Albert,Saskatchewan,SK,Canada
CA2119,Moose Jaw Store 5,Moose Jaw,Saskatchewan,SK,Canada
CA2120,Swift Current Store 5,Swift Current,Saskatchewan,SK,Canada
CA2121,Saskatoon Store 6,Saskatoon,Saskatchewan,SK,Canada
CA2122,Regina Store 6,Regina,Saskatchewan,SK,Canada
CA2123,Prince Albert Store 6,Prince Albert,Saskatchewan,SK,Canada
CA2124,Moose Jaw Store 6,Moose Jaw,Saskatchewan,SK,Canada
CA2125,Swift Current Store 6,Swift Current,Saskatchewan,SK,Canada
CA2126,Saskatoon Store 7,Saskatoon,Saskatchewan,SK,Canada
CA2127,Regina Store 7,Regina,Saskatchewan,SK,Canada
CA2128,Prince Albert Store 7,Prince Albert,Saskatchewan,SK,Canada
CA2129,Moose Jaw Store 7,Moose Jaw,Saskatchewan,SK,Canada
CA2130,Swift Current Store 7,Swift Current,Saskatchewan,SK,Canada
CA2131,Saskatoon Store 8,Saskatoon,Saskatchewan,SK,Canada
CA2132,Regina Store 8,Regina,Saskatchewan,SK,Canada
CA2133,Prince Albert Store 8,Prince Albert,Saskatchewan,SK,Canada
CA2134,Moose Jaw Store 8,Moose Jaw,Saskatchewan,SK,Canada
CA2135,Swift Current Store 8,Swift Current,Saskatchewan,SK,Canada
CA2136,Saskatoon Store 9,Saskatoon,Saskatchewan,SK,Canada
CA2137,Regina Store 9,Regina,Saskatchewan,SK,Canada
CA2138,Prince Albert Store 9,Prince Albert,Saskatchewan,SK,Canada
CA2139,Moose Jaw Store 9,Moose Jaw,Saskatchewan,SK,Canada
CA2140,Swift Current Store 9,Swift Current,Saskatchewan,SK,Canada
CA2141,Saskatoon Store 10,Saskatoon,Saskatchewan,SK,Canada
CA2142,Regina Store 10,Regina,Saskatchewan,SK,Canada
CA2143,Prince Albert Store 10,Prince Albert,Saskatchewan,SK,Canada
CA2144,Moose Jaw Store 10,Moose Jaw,Saskatchewan,SK,Canada
CA2145,Swift Current Store 10,Swift Current,Saskatchewan,SK,Canada
CA2146,Halifax Store 1,Halifax,Nova Scotia,NS,Canada
CA2147,Dartmouth Store 1,Dartmouth,Nova Scotia,NS,Canada
CA2148,Sydney Store 1,Sydney,Nova Scotia,NS,Canada
CA2149,Truro Store 1,Truro,Nova Scotia,NS,Canada
CA2150,New Glasgow Store 1,New Glasgow,Nova Scotia,NS,Canada
CA2151,Halifax Store 2,Halifax,Nova Scotia,NS,Canada
CA2152,Dartmouth Store 2,Dartmouth,Nova Scotia,NS,Canada
CA2153,Sydney Store 2,Sydney,Nova Scotia,NS,Canada
CA2154,Truro Store 2,Truro,Nova Scotia,NS,Canada
CA2155,New Glasgow Store 2,New Glasgow,Nova Scotia,NS,Canada
CA2156,Halifax Store 3,Halifax,Nova Scotia,NS,Canada
CA2157,Dartmouth Store 3,Dartmouth,Nova Scotia,NS,Canada
CA2158,Sydney Store 3,Sydney,Nova Scotia,NS,Canada
CA2159,Truro Store 3,Truro,Nova Scotia,NS,Canada
CA2160,New Glasgow Store 3,New Glasgow,Nova Scotia,NS,Canada
CA2161,Halifax Store 4,Halifax,Nova Scotia,NS,Canada
CA2162,Dartmouth Store 4,Dartmouth,Nova Scotia,NS,Canada
CA2163,Sydney Store 4,Sydney,Nova Scotia,NS,Canada
CA2164,Truro Store 4,Truro,Nova Scotia,NS,Canada
CA2165,New Glasgow Store 4,New Glasgow,Nova Scotia,NS,Canada
CA2166,Halifax Store 5,Halifax,Nova Scotia,NS,Canada
CA2167,Dartmouth Store 5,Dartmouth,Nova Scotia,NS,Canada
CA2168,Sydney Store 5,Sydney,Nova Scotia,NS,Canada
CA2169,Truro Store 5,Truro,Nova Scotia,NS,Canada
CA2170,New Glasgow Store 5,New Glasgow,Nova Scotia,NS,Canada
CA2171,Halifax Store 6,Halifax,Nova Scotia,NS,Canada
CA2172,Dartmouth Store 6,Dartmouth,Nova Scotia,NS,Canada
CA2173,Sydney Store 6,Sydney,Nova Scotia,NS,Canada
CA2174,Truro Store 6,Truro,Nova Scotia,NS,Canada
CA2175,New Glasgow Store 6,New Glasgow,Nova Scotia,NS,Canada
CA2176,Halifax Store 7,Halifax,Nova Scotia,NS,Canada
CA2177,Dartmouth Store 7,Dartmouth,Nova Scotia,NS,Canada
CA2178,Sydney Store 7,Sydney,Nova Scotia,NS,Canada
CA2179,Truro Store 7,Truro,Nova Scotia,NS,Canada
CA2180,New Glasgow Store 7,New Glasgow,Nova Scotia,NS,Canada
CA2181,Halifax Store 8,Halifax,Nova Scotia,NS,Canada
CA2182,Dartmouth Store 8,Dartmouth,Nova Scotia,NS,Canada
CA2183,Sydney Store 8,Sydney,Nova Scotia,NS,Canada
CA2184,Truro Store 8,Truro,Nova Scotia,NS,Canada
CA2185,New Glasgow Store 8,New Glasgow,Nova Scotia,NS,Canada
CA2186,Halifax Store 9,Halifax,Nova Scotia,NS,Canada
CA2187,Dartmouth Store 9,Dartmouth,Nova Scotia,NS,Canada
CA2188,Sydney Store 9,Sydney,Nova Scotia,NS,Canada
CA2189,Truro Store 9,Truro,Nova Scotia,NS,Canada
CA2190,New Glasgow Store 9,New Glasgow,Nova Scotia,NS,Canada
CA2191,Moncton Store 1,Moncton,New Brunswick,NB,Canada
CA2192,Saint John Store 1,Saint John,New Brunswick,NB,Canada
CA2193,Fredericton Store 1,Fredericton,New Brunswick,NB,Canada
CA2194,Dieppe Store 1,Dieppe,New Brunswick,NB,Canada
CA2195,Miramichi Store 1,Miramichi,New Brunswick,NB,Canada
CA2196,Moncton Store 2,Moncton,New Brunswick,NB,Canada
CA2197,Saint John Store 2,Saint John,New Brunswick,NB,Canada
CA2198,Fredericton Store 2,Fredericton,New Brunswick,NB,Canada
CA2199,Dieppe Store 2,Dieppe,New Brunswick,NB,Canada
CA2200,Miramichi Store 2,Miramichi,New Brunswick,NB,Canada
CA2201,Moncton Store 3,Moncton,New Brunswick,NB,Canada
CA2202,Saint John Store 3,Saint John,New Brunswick,NB,Canada
CA2203,Fredericton Store 3,Fredericton,New Brunswick,NB,Canada
CA2204,Dieppe Store 3,Dieppe,New Brunswick,NB,Canada
CA2205,Miramichi Store 3,Miramichi,New Brunswick,NB,Canada
CA2206,Moncton Store 4,Moncton,New Brunswick,NB,Canada
CA2207,Saint John Store 4,Saint John,New Brunswick,NB,Canada
CA2208,Fredericton Store 4,Fredericton,New Brunswick,NB,Canada
CA2209,Dieppe Store 4,Dieppe,New Brunswick,NB,Canada
CA2210,Miramichi Store 4,Miramichi,New Brunswick,NB,Canada
CA2211,Moncton Store 5,Moncton,New Brunswick,NB,Canada
CA2212,Saint John Store 5,Saint John,New Brunswick,NB,Canada
CA2213,Fredericton Store 5,Fredericton,New Brunswick,NB,Canada
CA2214,Dieppe Store 5,Dieppe,New Brunswick,NB,Canada
CA2215,Miramichi Store 5,Miramichi,New Brunswick,NB,Canada
CA2216,Moncton Store 6,Moncton,New Brunswick,NB,Canada
CA2217,Saint John Store 6,Saint John,New Brunswick,NB,Canada
CA2218,Fredericton Store 6,Fredericton,New Brunswick,NB,Canada
CA2219,Dieppe Store 6,Dieppe,New Brunswick,NB,Canada
CA2220,Miramichi Store 6,Miramichi,New Brunswick,NB,Canada
CA2221,Moncton Store 7,Moncton,New Brunswick,NB,Canada
CA2222,Saint John Store 7,Saint John,New Brunswick,NB,Canada
CA2223,Fredericton Store 7,Fredericton,New Brunswick,NB,Canada
CA2224,Dieppe Store 7,Dieppe,New Brunswick,NB,Canada
CA2225,Miramichi Store 7,Miramichi,New Brunswick,NB,Canada
CA2226,Moncton Store 8,Moncton,New Brunswick,NB,Canada
CA2227,Saint John Store 8,Saint John,New Brunswick,NB,Canada
CA2228,Fredericton Store 8,Fredericton,New Brunswick,NB,Canada
CA2229,Dieppe Store 8,Dieppe,New Brunswick,NB,Canada
CA2230,Miramichi Store 8,Miramichi,New Brunswick,NB,Canada
CA2231,St. Johns Store 1,St. Johns,Newfoundland,NL,Canada
CA2232,Mount Pearl Store 1,Mount Pearl,Newfoundland,NL,Canada
CA2233,Corner Brook Store 1,Corner Brook,Newfoundland,NL,Canada
CA2234,Conception Bay South Store 1,Conception Bay South,Newfoundland,NL,Canada
CA2235,Grand Falls-Windsor Store 1,Grand Falls-Windsor,Newfoundland,NL,Canada
CA2236,St. Johns Store 2,St. Johns,Newfoundland,NL,Canada
CA2237,Mount Pearl Store 2,Mount Pearl,Newfoundland,NL,Canada
CA2238,Corner Brook Store 2,Corner Brook,Newfoundland,NL,Canada
CA2239,Conception Bay South Store 2,Conception Bay South,Newfoundland,NL,Canada
CA2240,Grand Falls-Windsor Store 2,Grand Falls-Windsor,Newfoundland,NL,Canada
CA2241,St. Johns Store 3,St. Johns,Newfoundland,NL,Canada
CA2242,Mount Pearl Store 3,Mount Pearl,Newfoundland,NL,Canada
CA2243,Corner Brook Store 3,Corner Brook,Newfoundland,NL,Canada
CA2244,Conception Bay South Store 3,Conception Bay South,Newfoundland,NL,Canada
CA2245,Grand Falls-Windsor Store 3,Grand Falls-Windsor,Newfoundland,NL,Canada
CA2246,St. Johns Store 4,St. Johns,Newfoundland,NL,Canada
CA2247,Mount Pearl Store 4,Mount Pearl,Newfoundland,NL,Canada
CA2248,Corner Brook Store 4,Corner Brook,Newfoundland,NL,Canada
CA2249,Conception Bay South Store 4,Conception Bay South,Newfoundland,NL,Canada
CA2250,Grand Falls-Windsor Store 4,Grand Falls-Windsor,Newfoundland,NL,Canada
CA2251,St. Johns Store 5,St. Johns,Newfoundland,NL,Canada
CA2252,Mount Pearl Store 5,Mount Pearl,Newfoundland,NL,Canada
CA2253,Corner Brook Store 5,Corner Brook,Newfoundland,NL,Canada
CA2254,Conception Bay South Store 5,Conception Bay South,Newfoundland,NL,Canada
CA2255,Grand Falls-Windsor Store 5,Grand Falls-Windsor,Newfoundland,NL,Canada
CA2256,St. Johns Store 6,St. Johns,Newfoundland,NL,Canada
CA2257,Mount Pearl Store 6,Mount Pearl,Newfoundland,NL,Canada
CA2258,Corner Brook Store 6,Corner Brook,Newfoundland,NL,Canada
CA2259,Conception Bay South Store 6,Conception Bay South,Newfoundland,NL,Canada
CA2260,Grand Falls-Windsor Store 6,Grand Falls-Windsor,Newfoundland,NL,Canada
CA2261,St. Johns Store 7,St. Johns,Newfoundland,NL,Canada
CA2262,Mount Pearl Store 7,Mount Pearl,Newfoundland,NL,Canada
CA2263,Corner Brook Store 7,Corner Brook,Newfoundland,NL,Canada
CA2264,Conception Bay South Store 7,Conception Bay South,Newfoundland,NL,Canada
CA2265,Grand Falls-Windsor Store 7,Grand Falls-Windsor,Newfoundland,NL,Canada
CA2266,Charlottetown Store 1,Charlottetown,Prince Edward Island,PE,Canada
CA2267,Summerside Store 1,Summerside,Prince Edward Island,PE,Canada
CA2268,Stratford Store 1,Stratford,Prince Edward Island,PE,Canada
CA2269,Charlottetown Store 2,Charlottetown,Prince Edward Island,PE,Canada
CA2270,Summerside Store 2,Summerside,Prince Edward Island,PE,Canada
CA2271,Stratford Store 2,Stratford,Prince Edward Island,PE,Canada
CA2272,Charlottetown Store 3,Charlottetown,Prince Edward Island,PE,Canada
CA2273,Summerside Store 3,Summerside,Prince Edward Island,PE,Canada
CA2274,Stratford Store 3,Stratford,Prince Edward Island,PE,Canada
CA2275,Charlottetown Store 4,Charlottetown,Prince Edward Island,PE,Canada
CA2276,Summerside Store 4,Summerside,Prince Edward Island,PE,Canada
CA2277,Stratford Store 4,Stratford,Prince Edward Island,PE,Canada
CA2278,Charlottetown Store 5,Charlottetown,Prince Edward Island,PE,Canada
CA2279,Summerside Store 5,Summerside,Prince Edward Island,PE,Canada
CA2280,Stratford Store 5,Stratford,Prince Edward Island,PE,Canada
CA2281,Yellowknife Store 1,Yellowknife,Northwest Territories,NT,Canada
CA2282,Hay River Store 1,Hay River,Northwest Territories,NT,Canada
CA2283,Inuvik Store 1,Inuvik,Northwest Territories,NT,Canada
CA2284,Yellowknife Store 2,Yellowknife,Northwest Territories,NT,Canada
CA2285,Hay River Store 2,Hay River,Northwest Territories,NT,Canada
CA2286,Inuvik Store 2,Inuvik,Northwest Territories,NT,Canada
CA2287,Yellowknife Store 3,Yellowknife,Northwest Territories,NT,Canada
CA2288,Hay River Store 3,Hay River,Northwest Territories,NT,Canada
CA2289,Inuvik Store 3,Inuvik,Northwest Territories,NT,Canada
CA2290,Yellowknife Store 4,Yellowknife,Northwest Territories,NT,Canada
CA2291,Iqaluit Store 1,Iqaluit,Nunavut,NU,Canada
CA2292,Rankin Inlet Store 1,Rankin Inlet,Nunavut,NU,Canada
CA2293,Arviat Store 1,Arviat,Nunavut,NU,Canada
CA2294,Iqaluit Store 2,Iqaluit,Nunavut,NU,Canada
CA2295,Rankin Inlet Store 2,Rankin Inlet,Nunavut,NU,Canada
CA2296,Whitehorse Store 1,Whitehorse,Yukon,YT,Canada
CA2297,Dawson City Store 1,Dawson City,Yukon,YT,Canada
CA2298,Watson Lake Store 1,Watson Lake,Yukon,YT,Canada
CA2299,Whitehorse Store 2,Whitehorse,Yukon,YT,Canada
CA2300,Dawson City Store 2,Dawson City,Yukon,YT,Canada
