Year,WeekNumber,WeekStartDate,Month,MonthNumber,Quarter,FiscalYear
2021,23,2021-06-07,June,6,Q2,FY2021
2021,1,2021-01-04,january,1,Q4,2021
2021,50,2021-12-13,December,12,Q4,FY2021
2021,5,2021-02-01,February,2,,FY2021
2022,3,2022-01-17, January,1,Q4,FY2022
2021,19,2021-05-10, May,5,Q2,FY2021
2021,11,2021-03-15,March,3,Q1,FY2021
2021,34,2021-08-23,August,8,Q3,FY2021
2021,46,2021-11-15,November,11,Q4,FY2021
2021,13,2021-03-29,MARCH,3,Q1,FY2021
2021,32,2021-08-09,August,8,Q3,FY2021
2021,10,2021-03-08,March,3,Q1,2021
2021,37,2021-09-13,September,9,,2021
2021,6,2021-02-08,February,2,Q1,FY2021
2022,11,2022-03-14,March,3,Q1,2022
2021,31,2021-08-02,August,8,Q3,FY2021
2022,7,2022-02-14,FEBRUARY,2,Q1,2022
2021,36,2021-09-06,September,9,Q3,FY-2021
2022,6,2022-02-07,February,2,Q1,2022
2021,48,2021-11-29,November,11,Q4,FY2021
2021,17,2021-04-26,April,4,,FY2021
2021,35,2021-08-30,August,8,Q3,FY2021
2021,43,2021-10-25,October,10,Q3,FY-2021
2021,29,2021-07-19,July,7,Q2,FY2021
2021,8,2021-02-22,February,2,Q1,FY2021
2022,2,2022-01-10,January,1,Q4,FY2022
2021,41,2021-10-11,October,10,Q3,FY2021
2021,45,2021-11-08,November,11,Q4,FY2021
2021,47,2021-11-22,November,11,Q4,FY-2021
2021,20,2021-05-17, May,5,Q2,FY-2021
2022,5,2022-01-31,January,1,Q4,2022
2021,40,2021-10-04,October,10,Q3,FY2021
2021,26,2021-06-28,June,6,Q2,FY2021
2021,39,2021-09-27,September,9,Q3,2021
2021,14,2021-04-05,APRIL,4,Q1,FY2021
2021,51,2021-12-20,December,12,Q4,FY2021
2021,4,2021-01-25,January,1,Q4,FY-2021
2021,18,2021-05-03, May,5,Q2,FY2021
2021,9,2021-03-01,March,3,Q1,FY2021
2022,4,2022-01-24,January,1,Q4,FY2022
2021,7,2021-02-15,February,2,Q1,FY-2021
2021,37,2021-09-13,September,9,,2021
2022,13,2022-03-28,March,3,Q1,FY-2022
2021,5,2021-02-01,February,2,,FY2021
2021,17,2021-04-26,April,4,,FY2021
2021,16,2021-04-19,April,4,Q1,FY-2021
2021,28,2021-07-12,July,7,Q2,2021
2021,42,2021-10-18,October,10,Q3,2021
2021,27,2021-07-05, July,7,Q2,FY2021
2021,49,2021-12-06,DECEMBER,12,Q4,FY2021
2021,25,2021-06-21,June,6,Q2,FY-2021
2022,8,2022-02-21,February,2,Q1,FY2022
2022,12,2022-03-21,March,3,Q1,FY2022
2021,12,2021-03-22,march,3,Q1,FY2021
2021,33,2021-08-16,august,8,Q3,FY2021
2022,15,2022-04-11,April,4,Q1,FY2022
2022,10,2022-03-07,March,3,Q1,FY2022
2021,38,2021-09-20,september,9,Q3,FY2021
2021,30,2021-07-26,July,7,Q2,FY-2021
2021,44,2021-11-01, November,11,Q4,FY-2021
2022,14,2022-04-04,April,4,Q1,FY2022
2021,2,2021-01-11,january,1,Q4,FY2021
2022,1,2022-01-03,January,1,Q4,FY2022
2021,22,2021-05-31,May,5,Q2,2021
2021,3,2021-01-18,january,1,Q4,FY2021
2021,24,2021-06-14,June,6,Q2,2021
2021,21,2021-05-24, May,5,Q2,FY2021
2022,9,2022-02-28,february,2,Q1,FY2022
2021,15,2021-04-12,April,4,Q1,FY2021
2021,52,2021-12-27,December,12,Q4,FY2021
