Date,Fiscal Year,Fiscal Quarter,Month,Full Date
07/01/2019,FY2020,FY2020 Q1,01-07-2019,2019-07-01 00:00:00
2019-07-02 00:00:00,2020,FY2020 Q1,"Jul 01, 2019",20190702
2019-07-03 00:00:00,FY2020,FY2020 Q1,01-07-2019,07/03/2019
04-07-2019,FY2020,FY2020 Q1,01-07-2019,20190704
2019-07-05,FY2020,FY2020 Q1,2019-07-01,2019-07-05 00:00:00
2019-07-06,FY-2020,FY2020 Q1,"Jul 01, 2019",07/06/2019
20190707,FY2020,FY2020 Q1,2019-07-01,07/07/2019
2019-07-08,FY2020,FY2020 Q1,2019-07-01,20190708
07/09/2019,2020,FY2020 Q1,07/01/2019,20190709
"Jul 10, 2019",FY2020,FY2020 Q1,2019-07-01 00:00:00,07/10/2019
20190711,FY-2020,FY2020 Q1,"Jul 01, 2019",11-07-2019
12-07-2019,FY2020,FY2020 Q1,2019-07-01,2019-07-12 00:00:00
13-07-2019,FY-2020,FY2020 Q1,20190701,2019-07-13 00:00:00
2019-07-14 00:00:00,FY2020,FY2020 Q1,2019-07-01 00:00:00,07/14/2019
"Jul 15, 2019",FY2020,FY2020 Q1,"Jul 01, 2019",07/15/2019
20190716,FY2020,FY2020 Q1,01-07-2019,20190716
20190717,FY2020,FY2020 Q1,01-07-2019,17-07-2019
2019-07-18,FY2020,FY2020 Q1,20190701,20190718
07/19/2019,FY2020,FY2020 Q1,07/01/2019,07/19/2019
2019-07-20 00:00:00,FY-2020,FY2020 Q1,01-07-2019,2019-07-20
21-07-2019,FY2020,FY2020 Q1,20190701,20190721
2019-07-22,FY2020,FY2020 Q1,01-07-2019,"Jul 22, 2019"
23-07-2019,FY2020,FY2020 Q1,07/01/2019,"Jul 23, 2019"
07/24/2019,FY2020,FY2020 Q1,20190701,2019-07-24
25-07-2019,2020,FY2020 Q1,2019-07-01 00:00:00,25-07-2019
"Jul 26, 2019",FY2020,FY2020 Q1,07/01/2019,2019-07-26 00:00:00
2019-07-27 00:00:00,FY2020,FY2020 Q1,"Jul 01, 2019",20190727
2019-07-28,FY2020,FY2020 Q1,01-07-2019,2019-07-28
29-07-2019,FY2020,FY2020 Q1,07/01/2019,20190729
20190730,FY2020,FY2020 Q1,20190701,"Jul 30, 2019"
2019-07-31,FY2020,FY2020 Q1,2019-07-01 00:00:00,"Jul 31, 2019"
2019-08-01,FY2020,FY2020 Q1,2019-08-01,2019-08-01 00:00:00
"Aug 02, 2019",FY2020,FY2020 Q1,2019-08-01,2019-08-02 00:00:00
2019-08-03 00:00:00,FY2020,FY2020 Q1,"Aug 01, 2019",08/03/2019
2019-08-04,2020,FY2020 Q1,2019-08-01,20190804
2019-08-05,FY2020,FY2020 Q1,"Aug 01, 2019","Aug 05, 2019"
06-08-2019,FY2020,FY2020 Q1,"Aug 01, 2019","Aug 06, 2019"
07-08-2019,2020,FY2020 Q1,08/01/2019,20190807
2019-08-08,FY2020,FY2020 Q1,01-08-2019,20190808
2019-08-09,FY2020,FY2020 Q1,01-08-2019,2019-08-09 00:00:00
10-08-2019,FY2020,FY2020 Q1,2019-08-01,10-08-2019
2019-08-11 00:00:00,FY2020,FY2020 Q1,2019-08-01 00:00:00,08/11/2019
08/12/2019,2020,FY2020 Q1,"Aug 01, 2019",2019-08-12 00:00:00
2019-08-13,FY2020,FY2020 Q1,2019-08-01,2019-08-13 00:00:00
2019-08-14 00:00:00,FY2020,FY2020 Q1,01-08-2019,08/14/2019
2019-08-15,FY2020,FY2020 Q1,2019-08-01 00:00:00,"Aug 15, 2019"
"Aug 16, 2019",FY2020,FY2020 Q1,20190801,"Aug 16, 2019"
17-08-2019,2020,FY2020 Q1,2019-08-01 00:00:00,"Aug 17, 2019"
"Aug 18, 2019",FY2020,FY2020 Q1,01-08-2019,20190818
2019-08-19 00:00:00,FY2020,FY2020 Q1,20190801,08/19/2019
20190820,FY2020,FY2020 Q1,2019-08-01,20190820
2019-08-21,FY2020,FY2020 Q1,08/01/2019,"Aug 21, 2019"
08/22/2019,FY2020,FY2020 Q1,08/01/2019,2019-08-22
20190823,FY-2020,FY2020 Q1,20190801,"Aug 23, 2019"
20190824,FY2020,FY2020 Q1,2019-08-01,24-08-2019
"Aug 25, 2019",2020,FY2020 Q1,20190801,25-08-2019
08/26/2019,FY2020,FY2020 Q1,01-08-2019,26-08-2019
2019-08-27 00:00:00,FY2020,FY2020 Q1,2019-08-01,27-08-2019
28-08-2019,2020,FY2020 Q1,20190801,2019-08-28
20190829,FY2020,FY2020 Q1,2019-08-01,2019-08-29 00:00:00
20190830,FY2020,FY2020 Q1,20190801,"Aug 30, 2019"
"Aug 31, 2019",FY2020,FY2020 Q1,2019-08-01,"Aug 31, 2019"
20190901,FY2020,FY2020 Q1,09/01/2019,2019-09-01 00:00:00
20190902,FY2020,FY2020 Q1,09/01/2019,09/02/2019
2019-09-03,FY-2020,FY2020 Q1,01-09-2019,"Sep 03, 2019"
04-09-2019,FY2020,FY2020 Q1,09/01/2019,04-09-2019
05-09-2019,2020,FY2020 Q1,01-09-2019,20190905
"Sep 06, 2019",2020,,01-09-2019,2019-09-06 00:00:00
07-09-2019,FY2020,FY2020 Q1,09/01/2019,"Sep 07, 2019"
20190908,FY2020,FY2020 Q1,2019-09-01 00:00:00,09/08/2019
09/09/2019,FY2020,FY2020 Q1,2019-09-01 00:00:00,"Sep 09, 2019"
10-09-2019,FY2020,FY2020 Q1,2019-09-01,09/10/2019
20190911,FY2020,FY2020 Q1,09/01/2019,20190911
12-09-2019,FY2020,FY2020 Q1,01-09-2019,09/12/2019
2019-09-13,FY2020,FY2020 Q1,2019-09-01 00:00:00,2019-09-13 00:00:00
14-09-2019,FY-2020,FY2020 Q1,2019-09-01,"Sep 14, 2019"
09/15/2019,2020,FY2020 Q1,20190901,2019-09-15
09/16/2019,FY2020,FY2020 Q1,20190901,2019-09-16
17-09-2019,FY2020,FY2020 Q1,09/01/2019,20190917
20190918,2020,FY2020 Q1,09/01/2019,18-09-2019
19-09-2019,FY2020,FY2020 Q1,"Sep 01, 2019",2019-09-19
2019-09-20,FY2020,FY2020 Q1,2019-09-01,20-09-2019
20190921,FY2020,FY2020 Q1,"Sep 01, 2019","Sep 21, 2019"
"Sep 22, 2019",FY-2020,FY2020 Q1,01-09-2019,2019-09-22 00:00:00
23-09-2019,FY2020,FY2020 Q1,01-09-2019,"Sep 23, 2019"
2019-09-24 00:00:00,FY2020,FY2020 Q1,2019-09-01,24-09-2019
2019-09-25 00:00:00,2020,FY2020 Q1,20190901,09/25/2019
2019-09-26 00:00:00,FY2020,FY2020 Q1,01-09-2019,20190926
"Sep 27, 2019",FY2020,FY2020 Q1,01-09-2019,27-09-2019
20190928,2020,FY2020 Q1,2019-09-01 00:00:00,20190928
2019-09-29,FY2020,FY2020 Q1,2019-09-01,"Sep 29, 2019"
2019-09-30 00:00:00,FY2020,FY2020 Q1,2019-09-01,2019-09-30 00:00:00
20191001,FY2020,FY2020 Q2,20191001,20191001
02-10-2019,FY2020,FY2020 Q2,10/01/2019,2019-10-02
03-10-2019,FY2020,FY2020 Q2,20191001,03-10-2019
2019-10-04,FY2020,FY2020 Q2,"Oct 01, 2019",2019-10-04 00:00:00
2019-10-05 00:00:00,FY2020,FY2020 Q2,2019-10-01,05-10-2019
"Oct 06, 2019",FY2020,FY2020 Q2,01-10-2019,2019-10-06 00:00:00
10/07/2019,FY2020,FY2020 Q2,"Oct 01, 2019",10/07/2019
20191008,FY2020,FY2020 Q2,01-10-2019,10/08/2019
20191009,FY-2020,FY2020 Q2,"Oct 01, 2019",10/09/2019
2019-10-10,FY2020,FY2020 Q2,10/01/2019,2019-10-10
2019-10-11,2020,FY2020 Q2,"Oct 01, 2019",2019-10-11 00:00:00
12-10-2019,FY2020,FY2020 Q2,2019-10-01,20191012
"Oct 13, 2019",FY2020,FY2020 Q2,20191001,"Oct 13, 2019"
"Oct 14, 2019",FY2020,FY2020 Q2,10/01/2019,10/14/2019
2019-10-15,FY2020,FY2020 Q2,"Oct 01, 2019",2019-10-15
20191016,FY2020,FY2020 Q2,10/01/2019,2019-10-16 00:00:00
2019-10-17,FY2020,FY2020 Q2,10/01/2019,10/17/2019
18-10-2019,FY2020,FY2020 Q2,"Oct 01, 2019",2019-10-18 00:00:00
"Oct 19, 2019",FY-2020,FY2020 Q2,2019-10-01 00:00:00,19-10-2019
2019-10-20,FY2020,FY2020 Q2,20191001,20191020
2019-10-21,FY2020,FY2020 Q2,"Oct 01, 2019",21-10-2019
"Oct 22, 2019",FY2020,FY2020 Q2,2019-10-01 00:00:00,20191022
20191023,FY2020,FY2020 Q2,2019-10-01,2019-10-23
2019-10-24 00:00:00,FY2020,FY2020 Q2,2019-10-01,"Oct 24, 2019"
25-10-2019,FY2020,FY2020 Q2,"Oct 01, 2019",20191025
26-10-2019,FY2020,FY2020 Q2,10/01/2019,2019-10-26 00:00:00
20191027,FY2020,FY2020 Q2,"Oct 01, 2019",2019-10-27
2019-10-28,FY2020,FY2020 Q2,20191001,20191028
"Oct 29, 2019",FY2020,FY2020 Q2,2019-10-01 00:00:00,20191029
10/30/2019,FY2020,FY2020 Q2,2019-10-01 00:00:00,30-10-2019
20191031,FY2020,FY2020 Q2,01-10-2019,2019-10-31 00:00:00
20191101,FY-2020,,20191101,2019-11-01
2019-11-02 00:00:00,2020,FY2020 Q2,2019-11-01,11/02/2019
"Nov 03, 2019",FY2020,FY2020 Q2,11/01/2019,2019-11-03
20191104,2020,FY2020 Q2,2019-11-01,2019-11-04
05-11-2019,FY2020,FY2020 Q2,20191101,2019-11-05
2019-11-06,FY2020,FY2020 Q2,01-11-2019,2019-11-06
07-11-2019,FY2020,FY2020 Q2,20191101,11/07/2019
08-11-2019,FY2020,FY2020 Q2,01-11-2019,20191108
2019-11-09 00:00:00,FY2020,FY2020 Q2,2019-11-01 00:00:00,"Nov 09, 2019"
10-11-2019,FY-2020,FY2020 Q2,20191101,20191110
2019-11-11,FY2020,FY2020 Q2,20191101,11-11-2019
12-11-2019,FY2020,FY2020 Q2,20191101,2019-11-12 00:00:00
13-11-2019,2020,FY2020 Q2,01-11-2019,"Nov 13, 2019"
2019-11-14 00:00:00,FY2020,FY2020 Q2,20191101,"Nov 14, 2019"
11/15/2019,FY2020,FY2020 Q2,"Nov 01, 2019",15-11-2019
"Nov 16, 2019",FY-2020,FY2020 Q2,01-11-2019,"Nov 16, 2019"
17-11-2019,FY2020,FY2020 Q2,20191101,2019-11-17 00:00:00
11/18/2019,FY2020,FY2020 Q2,11/01/2019,20191118
2019-11-19 00:00:00,FY2020,FY2020 Q2,01-11-2019,2019-11-19
20191120,FY2020,FY2020 Q2,2019-11-01,2019-11-20
20191121,2020,FY2020 Q2,"Nov 01, 2019",21-11-2019
2019-11-22 00:00:00,FY2020,FY2020 Q2,01-11-2019,2019-11-22
2019-11-23,FY2020,FY2020 Q2,01-11-2019,2019-11-23 00:00:00
"Nov 24, 2019",FY2020,FY2020 Q2,2019-11-01,11/24/2019
"Nov 25, 2019",FY2020,FY2020 Q2,2019-11-01 00:00:00,25-11-2019
2019-11-26,FY2020,FY2020 Q2,2019-11-01 00:00:00,11/26/2019
2019-11-27 00:00:00,FY2020,FY2020 Q2,2019-11-01,"Nov 27, 2019"
28-11-2019,FY2020,FY2020 Q2,2019-11-01 00:00:00,2019-11-28 00:00:00
2019-11-29,FY2020,FY2020 Q2,01-11-2019,2019-11-29
2019-11-30,FY2020,FY2020 Q2,11/01/2019,2019-11-30 00:00:00
01-12-2019,FY2020,FY2020 Q2,"Dec 01, 2019",20191201
2019-12-02,FY2020,FY2020 Q2,"Dec 01, 2019",12/02/2019
12/03/2019,2020,FY2020 Q2,"Dec 01, 2019",2019-12-03
20191204,FY2020,FY2020 Q2,12/01/2019,"Dec 04, 2019"
2019-12-05 00:00:00,FY2020,FY2020 Q2,01-12-2019,2019-12-05 00:00:00
"Dec 06, 2019",FY2020,FY2020 Q2,20191201,2019-12-06
2019-12-07 00:00:00,FY-2020,FY2020 Q2,2019-12-01,07-12-2019
20191208,FY2020,FY2020 Q2,"Dec 01, 2019",12/08/2019
12/09/2019,FY2020,FY2020 Q2,"Dec 01, 2019",20191209
20191210,FY2020,FY2020 Q2,12/01/2019,20191210
"Dec 11, 2019",2020,FY2020 Q2,"Dec 01, 2019","Dec 11, 2019"
12-12-2019,FY-2020,FY2020 Q2,20191201,12/12/2019
"Dec 13, 2019",FY-2020,FY2020 Q2,2019-12-01,12/13/2019
20191214,2020,FY2020 Q2,2019-12-01,2019-12-14 00:00:00
2019-12-15,FY2020,FY2020 Q2,12/01/2019,"Dec 15, 2019"
16-12-2019,FY2020,,"Dec 01, 2019",20191216
12/17/2019,FY2020,FY2020 Q2,01-12-2019,2019-12-17 00:00:00
18-12-2019,FY2020,FY2020 Q2,2019-12-01 00:00:00,"Dec 18, 2019"
2019-12-19,FY2020,FY2020 Q2,01-12-2019,2019-12-19 00:00:00
20191220,2020,FY2020 Q2,2019-12-01,12/20/2019
2019-12-21 00:00:00,FY2020,FY2020 Q2,01-12-2019,2019-12-21 00:00:00
"Dec 22, 2019",FY2020,FY2020 Q2,12/01/2019,20191222
2019-12-23 00:00:00,FY2020,FY2020 Q2,"Dec 01, 2019",23-12-2019
"Dec 24, 2019",2020,FY2020 Q2,2019-12-01 00:00:00,2019-12-24 00:00:00
2019-12-25,FY2020,FY2020 Q2,12/01/2019,20191225
26-12-2019,FY2020,FY2020 Q2,01-12-2019,12/26/2019
12/27/2019,FY2020,FY2020 Q2,2019-12-01 00:00:00,12/27/2019
2019-12-28,2020,FY2020 Q2,01-12-2019,20191228
20191229,FY2020,FY2020 Q2,12/01/2019,"Dec 29, 2019"
20191230,FY2020,FY2020 Q2,2019-12-01,2019-12-30 00:00:00
2019-12-31 00:00:00,FY2020,FY2020 Q2,12/01/2019,"Dec 31, 2019"
"Jan 01, 2020",FY2020,FY2020 Q3,01/01/2020,20200101
2020-01-02,FY2020,FY2020 Q3,2020-01-01 00:00:00,02-01-2020
20200103,FY-2020,FY2020 Q3,2020-01-01 00:00:00,01/03/2020
2020-01-04 00:00:00,2020,FY2020 Q3,"Jan 01, 2020",2020-01-04
2020-01-05,FY2020,FY2020 Q3,20200101,2020-01-05
2020-01-06,FY2020,FY2020 Q3,01-01-2020,2020-01-06 00:00:00
20200107,FY2020,FY2020 Q3,"Jan 01, 2020",07-01-2020
"Jan 08, 2020",FY2020,FY2020 Q3,2020-01-01,01/08/2020
2020-01-09,FY2020,,"Jan 01, 2020",2020-01-09 00:00:00
10-01-2020,FY2020,FY2020 Q3,2020-01-01,10-01-2020
01/11/2020,2020,FY2020 Q3,"Jan 01, 2020",01/11/2020
20200112,FY2020,FY2020 Q3,"Jan 01, 2020","Jan 12, 2020"
13-01-2020,FY2020,FY2020 Q3,2020-01-01,20200113
"Jan 14, 2020",FY2020,FY2020 Q3,01-01-2020,01/14/2020
20200115,FY2020,FY2020 Q3,01/01/2020,2020-01-15 00:00:00
01/16/2020,2020,FY2020 Q3,"Jan 01, 2020",2020-01-16
2020-01-17 00:00:00,FY2020,FY2020 Q3,01/01/2020,20200117
01/18/2020,FY2020,FY2020 Q3,"Jan 01, 2020",18-01-2020
"Jan 19, 2020",FY2020,FY2020 Q3,2020-01-01,20200119
2020-01-20 00:00:00,2020,FY2020 Q3,01-01-2020,"Jan 20, 2020"
2020-01-21 00:00:00,FY2020,FY2020 Q3,01/01/2020,01/21/2020
20200122,FY2020,FY2020 Q3,2020-01-01,2020-01-22 00:00:00
20200123,FY2020,FY2020 Q3,20200101,2020-01-23
20200124,FY-2020,FY2020 Q3,20200101,24-01-2020
2020-01-25 00:00:00,FY-2020,FY2020 Q3,01/01/2020,2020-01-25 00:00:00
2020-01-26,FY2020,FY2020 Q3,2020-01-01,26-01-2020
2020-01-27 00:00:00,FY2020,FY2020 Q3,2020-01-01 00:00:00,27-01-2020
2020-01-28,FY2020,FY2020 Q3,2020-01-01 00:00:00,2020-01-28 00:00:00
29-01-2020,FY-2020,FY2020 Q3,"Jan 01, 2020","Jan 29, 2020"
30-01-2020,FY2020,FY2020 Q3,01/01/2020,30-01-2020
2020-01-31,FY2020,FY2020 Q3,2020-01-01,2020-01-31
20200201,FY2020,FY2020 Q3,02/01/2020,"Feb 01, 2020"
2020-02-02,FY2020,FY2020 Q3,"Feb 01, 2020",2020-02-02 00:00:00
03-02-2020,FY2020,FY2020 Q3,"Feb 01, 2020","Feb 03, 2020"
2020-02-04,FY2020,,01-02-2020,20200204
2020-02-05,FY2020,FY2020 Q3,2020-02-01,2020-02-05 00:00:00
20200206,2020,FY2020 Q3,2020-02-01,06-02-2020
20200207,FY2020,FY2020 Q3,2020-02-01 00:00:00,07-02-2020
2020-02-08,FY2020,FY2020 Q3,20200201,2020-02-08 00:00:00
2020-02-09,FY2020,FY2020 Q3,2020-02-01 00:00:00,"Feb 09, 2020"
2020-02-10 00:00:00,FY2020,FY2020 Q3,20200201,2020-02-10 00:00:00
20200211,FY2020,FY2020 Q3,20200201,20200211
12-02-2020,FY2020,FY2020 Q3,20200201,02/12/2020
2020-02-13,FY2020,FY2020 Q3,"Feb 01, 2020",2020-02-13 00:00:00
2020-02-14 00:00:00,FY2020,FY2020 Q3,02/01/2020,14-02-2020
2020-02-15 00:00:00,FY2020,FY2020 Q3,2020-02-01 00:00:00,2020-02-15 00:00:00
"Feb 16, 2020",FY2020,FY2020 Q3,2020-02-01 00:00:00,02/16/2020
2020-02-17,FY2020,FY2020 Q3,2020-02-01,"Feb 17, 2020"
2020-02-18,FY-2020,FY2020 Q3,"Feb 01, 2020",18-02-2020
20200219,FY2020,FY2020 Q3,2020-02-01 00:00:00,2020-02-19
20200220,2020,FY2020 Q3,2020-02-01,"Feb 20, 2020"
"Feb 21, 2020",FY2020,FY2020 Q3,2020-02-01 00:00:00,2020-02-21 00:00:00
22-02-2020,FY2020,FY2020 Q3,2020-02-01,02/22/2020
02/23/2020,FY2020,FY2020 Q3,01-02-2020,20200223
"Feb 24, 2020",FY2020,FY2020 Q3,2020-02-01,20200224
25-02-2020,FY-2020,FY2020 Q3,20200201,2020-02-25 00:00:00
26-02-2020,FY2020,FY2020 Q3,2020-02-01,2020-02-26
27-02-2020,2020,FY2020 Q3,"Feb 01, 2020",27-02-2020
20200228,FY2020,FY2020 Q3,20200201,20200228
20200229,FY2020,FY2020 Q3,2020-02-01,02/29/2020
2020-03-01,FY2020,FY2020 Q3,"Mar 01, 2020",2020-03-01 00:00:00
"Mar 02, 2020",FY-2020,FY2020 Q3,01-03-2020,2020-03-02 00:00:00
2020-03-03 00:00:00,FY2020,FY2020 Q3,20200301,20200303
20200304,FY2020,FY2020 Q3,01-03-2020,"Mar 04, 2020"
20200305,FY2020,FY2020 Q3,01-03-2020,05-03-2020
20200306,2020,FY2020 Q3,01-03-2020,2020-03-06
2020-03-07,FY2020,FY2020 Q3,2020-03-01 00:00:00,2020-03-07 00:00:00
20200308,FY2020,FY2020 Q3,01-03-2020,20200308
20200309,FY2020,FY2020 Q3,2020-03-01,2020-03-09
20200310,FY2020,FY2020 Q3,20200301,10-03-2020
03/11/2020,FY2020,FY2020 Q3,"Mar 01, 2020",2020-03-11 00:00:00
2020-03-12 00:00:00,FY2020,FY2020 Q3,2020-03-01,2020-03-12
2020-03-13,FY-2020,FY2020 Q3,01-03-2020,"Mar 13, 2020"
"Mar 14, 2020",2020,FY2020 Q3,03/01/2020,03/14/2020
2020-03-15 00:00:00,FY2020,FY2020 Q3,"Mar 01, 2020",15-03-2020
03/16/2020,FY2020,FY2020 Q3,20200301,2020-03-16
03/17/2020,FY-2020,FY2020 Q3,20200301,2020-03-17 00:00:00
"Mar 18, 2020",FY2020,FY2020 Q3,20200301,2020-03-18
03/19/2020,FY2020,FY2020 Q3,03/01/2020,2020-03-19
20-03-2020,FY2020,FY2020 Q3,"Mar 01, 2020",03/20/2020
"Mar 21, 2020",FY-2020,FY2020 Q3,2020-03-01 00:00:00,2020-03-21
2020-03-22,FY-2020,FY2020 Q3,01-03-2020,2020-03-22 00:00:00
23-03-2020,FY2020,FY2020 Q3,03/01/2020,"Mar 23, 2020"
03/24/2020,FY2020,FY2020 Q3,2020-03-01,20200324
2020-03-25,FY2020,FY2020 Q3,2020-03-01 00:00:00,20200325
2020-03-26 00:00:00,FY2020,FY2020 Q3,2020-03-01 00:00:00,03/26/2020
"Mar 27, 2020",FY2020,FY2020 Q3,01-03-2020,2020-03-27
03/28/2020,2020,FY2020 Q3,2020-03-01 00:00:00,20200328
2020-03-29,2020,FY2020 Q3,01-03-2020,29-03-2020
30-03-2020,FY2020,FY2020 Q3,20200301,"Mar 30, 2020"
03/31/2020,FY2020,FY2020 Q3,20200301,2020-03-31
20200401,FY2020,FY2020 Q4,20200401,01-04-2020
04/02/2020,FY2020,FY2020 Q4,"Apr 01, 2020",02-04-2020
2020-04-03 00:00:00,FY2020,,01-04-2020,2020-04-03 00:00:00
04-04-2020,FY2020,FY2020 Q4,"Apr 01, 2020",04-04-2020
"Apr 05, 2020",FY2020,FY2020 Q4,20200401,20200405
20200406,FY-2020,FY2020 Q4,"Apr 01, 2020",20200406
"Apr 07, 2020",FY2020,FY2020 Q4,04/01/2020,2020-04-07
04/08/2020,FY2020,FY2020 Q4,"Apr 01, 2020","Apr 08, 2020"
04/09/2020,2020,FY2020 Q4,20200401,20200409
20200410,FY2020,FY2020 Q4,04/01/2020,20200410
20200411,FY2020,FY2020 Q4,2020-04-01 00:00:00,2020-04-11 00:00:00
12-04-2020,2020,FY2020 Q4,20200401,20200412
2020-04-13 00:00:00,FY2020,FY2020 Q4,04/01/2020,2020-04-13 00:00:00
2020-04-14,FY2020,FY2020 Q4,04/01/2020,20200414
"Apr 15, 2020",FY2020,FY2020 Q4,2020-04-01 00:00:00,2020-04-15
2020-04-16 00:00:00,FY2020,FY2020 Q4,20200401,2020-04-16
"Apr 17, 2020",FY2020,FY2020 Q4,04/01/2020,2020-04-17 00:00:00
2020-04-18,FY2020,FY2020 Q4,04/01/2020,18-04-2020
04/19/2020,FY2020,FY2020 Q4,01-04-2020,2020-04-19
2020-04-20 00:00:00,FY2020,FY2020 Q4,04/01/2020,2020-04-20 00:00:00
2020-04-21,FY2020,FY2020 Q4,20200401,21-04-2020
22-04-2020,FY2020,FY2020 Q4,2020-04-01,04/22/2020
"Apr 23, 2020",FY2020,FY2020 Q4,04/01/2020,23-04-2020
"Apr 24, 2020",FY2020,FY2020 Q4,2020-04-01 00:00:00,2020-04-24
25-04-2020,FY2020,FY2020 Q4,2020-04-01 00:00:00,2020-04-25
26-04-2020,FY2020,FY2020 Q4,"Apr 01, 2020",2020-04-26
2020-04-27 00:00:00,FY2020,FY2020 Q4,2020-04-01,04/27/2020
20200428,FY2020,FY2020 Q4,"Apr 01, 2020",20200428
2020-04-29 00:00:00,FY2020,FY2020 Q4,2020-04-01 00:00:00,2020-04-29 00:00:00
20200430,FY2020,FY2020 Q4,2020-04-01,30-04-2020
"May 01, 2020",2020,FY2020 Q4,01-05-2020,01-05-2020
2020-05-02 00:00:00,FY2020,FY2020 Q4,20200501,20200502
"May 03, 2020",FY2020,FY2020 Q4,20200501,20200503
"May 04, 2020",FY2020,FY2020 Q4,01-05-2020,2020-05-04 00:00:00
2020-05-05,FY2020,FY2020 Q4,2020-05-01 00:00:00,05-05-2020
2020-05-06,FY2020,FY2020 Q4,2020-05-01,20200506
05/07/2020,FY2020,FY2020 Q4,01-05-2020,07-05-2020
2020-05-08 00:00:00,FY2020,FY2020 Q4,2020-05-01,20200508
05/09/2020,FY2020,FY2020 Q4,2020-05-01 00:00:00,2020-05-09 00:00:00
10-05-2020,FY2020,FY2020 Q4,05/01/2020,20200510
20200511,FY2020,FY2020 Q4,01-05-2020,11-05-2020
05/12/2020,FY2020,FY2020 Q4,05/01/2020,2020-05-12 00:00:00
2020-05-13,FY2020,FY2020 Q4,2020-05-01,20200513
"May 14, 2020",2020,FY2020 Q4,20200501,05/14/2020
05/15/2020,FY2020,FY2020 Q4,20200501,2020-05-15 00:00:00
20200516,FY2020,FY2020 Q4,"May 01, 2020",05/16/2020
2020-05-17,FY2020,FY2020 Q4,2020-05-01 00:00:00,"May 17, 2020"
2020-05-18 00:00:00,FY2020,FY2020 Q4,05/01/2020,2020-05-18 00:00:00
2020-05-19,FY-2020,FY2020 Q4,05/01/2020,20200519
"May 20, 2020",FY2020,FY2020 Q4,"May 01, 2020",20200520
"May 21, 2020",FY2020,FY2020 Q4,"May 01, 2020",21-05-2020
2020-05-22,FY2020,FY2020 Q4,20200501,2020-05-22
05/23/2020,FY2020,FY2020 Q4,20200501,2020-05-23
24-05-2020,FY2020,FY2020 Q4,2020-05-01 00:00:00,24-05-2020
20200525,FY-2020,FY2020 Q4,"May 01, 2020",2020-05-25
2020-05-26 00:00:00,FY2020,FY2020 Q4,2020-05-01,20200526
2020-05-27,FY2020,FY2020 Q4,2020-05-01 00:00:00,"May 27, 2020"
2020-05-28,FY2020,FY2020 Q4,2020-05-01 00:00:00,28-05-2020
20200529,FY2020,FY2020 Q4,2020-05-01 00:00:00,"May 29, 2020"
2020-05-30 00:00:00,FY-2020,FY2020 Q4,20200501,2020-05-30
05/31/2020,FY2020,FY2020 Q4,2020-05-01,2020-05-31 00:00:00
2020-06-01 00:00:00,2020,FY2020 Q4,01-06-2020,06/01/2020
2020-06-02,FY2020,FY2020 Q4,2020-06-01 00:00:00,06/02/2020
2020-06-03 00:00:00,FY2020,FY2020 Q4,2020-06-01 00:00:00,06/03/2020
2020-06-04 00:00:00,2020,FY2020 Q4,2020-06-01,2020-06-04
20200605,FY2020,FY2020 Q4,"Jun 01, 2020","Jun 05, 2020"
2020-06-06 00:00:00,2020,FY2020 Q4,2020-06-01,06-06-2020
06/07/2020,2020,FY2020 Q4,20200601,20200607
20200608,FY2020,FY2020 Q4,2020-06-01,2020-06-08 00:00:00
2020-06-09,FY2020,FY2020 Q4,06/01/2020,06/09/2020
06/10/2020,FY2020,FY2020 Q4,2020-06-01 00:00:00,2020-06-10
11-06-2020,FY2020,FY2020 Q4,01-06-2020,11-06-2020
12-06-2020,FY2020,FY2020 Q4,06/01/2020,2020-06-12 00:00:00
"Jun 13, 2020",FY2020,FY2020 Q4,06/01/2020,20200613
14-06-2020,FY2020,FY2020 Q4,20200601,2020-06-14 00:00:00
"Jun 15, 2020",FY2020,FY2020 Q4,2020-06-01 00:00:00,2020-06-15
2020-06-16,FY2020,FY2020 Q4,06/01/2020,20200616
17-06-2020,FY2020,FY2020 Q4,20200601,2020-06-17
2020-06-18,FY2020,FY2020 Q4,01-06-2020,20200618
20200619,FY-2020,FY2020 Q4,2020-06-01 00:00:00,19-06-2020
20200620,FY-2020,FY2020 Q4,2020-06-01 00:00:00,06/20/2020
20200621,2020,FY2020 Q4,06/01/2020,20200621
2020-06-22,FY2020,FY2020 Q4,20200601,06/22/2020
20200623,FY2020,FY2020 Q4,06/01/2020,2020-06-23
2020-06-24 00:00:00,FY2020,FY2020 Q4,"Jun 01, 2020",24-06-2020
20200625,FY2020,FY2020 Q4,2020-06-01,06/25/2020
06/26/2020,2020,FY2020 Q4,2020-06-01,26-06-2020
"Jun 27, 2020",FY2020,FY2020 Q4,06/01/2020,06/27/2020
20200628,FY2020,FY2020 Q4,2020-06-01,"Jun 28, 2020"
29-06-2020,FY-2020,FY2020 Q4,"Jun 01, 2020","Jun 29, 2020"
"Jun 30, 2020",FY2020,FY2020 Q4,01-06-2020,2020-06-30
20180401,FY2018,FY2018 Q4,04/01/2018,20180401
2018-04-02 00:00:00,FY2018,FY2018 Q4,01-04-2018,2018-04-02 00:00:00
04/03/2018,FY2018,FY2018 Q4,2018-04-01,"Apr 03, 2018"
20180404,FY2018,FY2018 Q4,04/01/2018,2018-04-04
2018-04-05,FY2018,FY2018 Q4,01-04-2018,2018-04-05 00:00:00
04/06/2018,FY2018,FY2018 Q4,2018-04-01 00:00:00,20180406
07-04-2018,FY2018,FY2018 Q4,20180401,04/07/2018
04/08/2018,FY2018,FY2018 Q4,2018-04-01 00:00:00,"Apr 08, 2018"
20180409,FY2018,FY2018 Q4,2018-04-01,04/09/2018
"Apr 10, 2018",FY2018,FY2018 Q4,20180401,2018-04-10
20180411,FY2018,FY2018 Q4,2018-04-01 00:00:00,"Apr 11, 2018"
04/12/2018,FY2018,FY2018 Q4,"Apr 01, 2018",2018-04-12 00:00:00
04/13/2018,FY2018,FY2018 Q4,04/01/2018,20180413
2018-04-14,FY2018,FY2018 Q4,20180401,2018-04-14
"Apr 15, 2018",FY2018,FY2018 Q4,2018-04-01,15-04-2018
04/16/2018,FY2018,FY2018 Q4,2018-04-01,2018-04-16
04/17/2018,FY2018,FY2018 Q4,2018-04-01,20180417
18-04-2018,FY2018,FY2018 Q4,2018-04-01 00:00:00,2018-04-18
19-04-2018,2018,FY2018 Q4,01-04-2018,2018-04-19
20-04-2018,FY-2018,FY2018 Q4,20180401,20180420
2018-04-21,FY2018,FY2018 Q4,20180401,20180421
"Apr 22, 2018",2018,FY2018 Q4,04/01/2018,2018-04-22
2018-04-23,FY2018,FY2018 Q4,2018-04-01,20180423
20180424,FY2018,FY2018 Q4,20180401,"Apr 24, 2018"
"Apr 25, 2018",2018,FY2018 Q4,04/01/2018,2018-04-25
26-04-2018,FY2018,FY2018 Q4,01-04-2018,04/26/2018
2018-04-27,FY2018,FY2018 Q4,20180401,20180427
"Apr 28, 2018",FY2018,FY2018 Q4,"Apr 01, 2018",20180428
20180429,FY2018,FY2018 Q4,20180401,2018-04-29
"Apr 30, 2018",FY-2018,FY2018 Q4,04/01/2018,30-04-2018
20180501,2018,FY2018 Q4,2018-05-01 00:00:00,"May 01, 2018"
05/02/2018,FY2018,FY2018 Q4,01-05-2018,2018-05-02
2018-05-03 00:00:00,FY2018,FY2018 Q4,01-05-2018,03-05-2018
"May 04, 2018",FY2018,FY2018 Q4,2018-05-01,2018-05-04
20180505,2018,FY2018 Q4,01-05-2018,2018-05-05
2018-05-06,FY2018,FY2018 Q4,01-05-2018,20180506
"May 07, 2018",2018,FY2018 Q4,01-05-2018,2018-05-07 00:00:00
05/08/2018,FY2018,FY2018 Q4,20180501,"May 08, 2018"
2018-05-09 00:00:00,FY2018,FY2018 Q4,01-05-2018,2018-05-09 00:00:00
10-05-2018,FY2018,FY2018 Q4,20180501,2018-05-10 00:00:00
2018-05-11,FY2018,FY2018 Q4,05/01/2018,20180511
2018-05-12,FY2018,FY2018 Q4,2018-05-01,20180512
2018-05-13,FY2018,FY2018 Q4,2018-05-01 00:00:00,"May 13, 2018"
2018-05-14 00:00:00,FY2018,FY2018 Q4,2018-05-01,20180514
2018-05-15,2018,FY2018 Q4,20180501,2018-05-15 00:00:00
20180516,FY-2018,FY2018 Q4,"May 01, 2018",05/16/2018
20180517,FY2018,FY2018 Q4,"May 01, 2018",2018-05-17
18-05-2018,FY-2018,,01-05-2018,"May 18, 2018"
"May 19, 2018",FY2018,FY2018 Q4,"May 01, 2018","May 19, 2018"
20-05-2018,2018,,05/01/2018,20-05-2018
"May 21, 2018",2018,FY2018 Q4,20180501,20180521
22-05-2018,FY2018,FY2018 Q4,20180501,20180522
05/23/2018,FY2018,FY2018 Q4,05/01/2018,2018-05-23
2018-05-24 00:00:00,FY2018,FY2018 Q4,20180501,"May 24, 2018"
"May 25, 2018",FY2018,FY2018 Q4,2018-05-01 00:00:00,"May 25, 2018"
05/26/2018,FY2018,FY2018 Q4,2018-05-01 00:00:00,20180526
2018-05-27,FY2018,FY2018 Q4,2018-05-01,2018-05-27 00:00:00
2018-05-28,FY2018,FY2018 Q4,2018-05-01,2018-05-28
29-05-2018,FY2018,FY2018 Q4,"May 01, 2018","May 29, 2018"
20180530,FY2018,FY2018 Q4,2018-05-01 00:00:00,20180530
2018-05-31,FY2018,FY2018 Q4,"May 01, 2018",31-05-2018
06/01/2018,FY2018,FY2018 Q4,"Jun 01, 2018","Jun 01, 2018"
2018-06-02 00:00:00,FY2018,FY2018 Q4,01-06-2018,20180602
03-06-2018,FY2018,FY2018 Q4,06/01/2018,2018-06-03
2018-06-04 00:00:00,FY2018,FY2018 Q4,"Jun 01, 2018",06/04/2018
2018-06-05 00:00:00,FY2018,FY2018 Q4,06/01/2018,06/05/2018
20180606,FY2018,FY2018 Q4,2018-06-01,"Jun 06, 2018"
2018-06-07,FY2018,,2018-06-01,"Jun 07, 2018"
2018-06-08 00:00:00,FY-2018,FY2018 Q4,01-06-2018,06/08/2018
"Jun 09, 2018",FY-2018,FY2018 Q4,"Jun 01, 2018",2018-06-09
"Jun 10, 2018",FY2018,FY2018 Q4,2018-06-01 00:00:00,"Jun 10, 2018"
2018-06-11 00:00:00,FY2018,FY2018 Q4,01-06-2018,2018-06-11 00:00:00
2018-06-12 00:00:00,FY2018,FY2018 Q4,20180601,20180612
20180613,FY2018,FY2018 Q4,"Jun 01, 2018","Jun 13, 2018"
2018-06-14,FY2018,FY2018 Q4,2018-06-01 00:00:00,"Jun 14, 2018"
20180615,FY2018,FY2018 Q4,2018-06-01,15-06-2018
16-06-2018,FY2018,FY2018 Q4,20180601,2018-06-16 00:00:00
"Jun 17, 2018",FY2018,FY2018 Q4,01-06-2018,20180617
2018-06-18 00:00:00,FY2018,FY2018 Q4,20180601,20180618
06/19/2018,FY2018,FY2018 Q4,2018-06-01,"Jun 19, 2018"
20180620,2018,FY2018 Q4,"Jun 01, 2018","Jun 20, 2018"
21-06-2018,FY2018,FY2018 Q4,"Jun 01, 2018","Jun 21, 2018"
"Jun 22, 2018",FY2018,FY2018 Q4,2018-06-01,"Jun 22, 2018"
2018-06-23,FY2018,FY2018 Q4,2018-06-01 00:00:00,06/23/2018
24-06-2018,FY-2018,FY2018 Q4,01-06-2018,24-06-2018
25-06-2018,FY2018,FY2018 Q4,2018-06-01,06/25/2018
20180626,FY2018,FY2018 Q4,"Jun 01, 2018",20180626
"Jun 27, 2018",FY2018,,2018-06-01 00:00:00,27-06-2018
2018-06-28,FY2018,FY2018 Q4,"Jun 01, 2018","Jun 28, 2018"
2018-06-29 00:00:00,2018,FY2018 Q4,2018-06-01,20180629
30-06-2018,FY2018,FY2018 Q4,2018-06-01 00:00:00,"Jun 30, 2018"
2018-01-01 00:00:00,2018,FY2018 Q3,01/01/2018,2018-01-01 00:00:00
"Jan 02, 2018",FY2018,FY2018 Q3,01-01-2018,20180102
01/03/2018,FY2018,FY2018 Q3,01-01-2018,"Jan 03, 2018"
2018-01-04,FY2018,FY2018 Q3,20180101,2018-01-04 00:00:00
05-01-2018,FY2018,FY2018 Q3,2018-01-01 00:00:00,20180105
20180106,FY2018,FY2018 Q3,01/01/2018,01/06/2018
2018-01-07,FY2018,FY2018 Q3,"Jan 01, 2018",20180107
01/08/2018,FY2018,FY2018 Q3,"Jan 01, 2018",08-01-2018
20180109,FY2018,FY2018 Q3,01/01/2018,"Jan 09, 2018"
2018-01-10 00:00:00,2018,FY2018 Q3,20180101,01/10/2018
"Jan 11, 2018",FY2018,FY2018 Q3,2018-01-01,2018-01-11 00:00:00
"Jan 12, 2018",FY2018,FY2018 Q3,20180101,01/12/2018
2018-01-13,FY2018,FY2018 Q3,01/01/2018,2018-01-13
01/14/2018,FY2018,FY2018 Q3,01-01-2018,2018-01-14
20180115,FY-2018,FY2018 Q3,2018-01-01 00:00:00,"Jan 15, 2018"
20180116,2018,FY2018 Q3,20180101,2018-01-16 00:00:00
17-01-2018,FY2018,FY2018 Q3,2018-01-01,20180117
18-01-2018,FY2018,FY2018 Q3,"Jan 01, 2018",2018-01-18
2018-01-19,FY-2018,FY2018 Q3,20180101,19-01-2018
01/20/2018,FY2018,FY2018 Q3,01/01/2018,20-01-2018
2018-01-21,FY2018,FY2018 Q3,20180101,20180121
2018-01-22 00:00:00,FY2018,FY2018 Q3,01/01/2018,22-01-2018
2018-01-23,FY2018,FY2018 Q3,2018-01-01,"Jan 23, 2018"
24-01-2018,FY2018,FY2018 Q3,01-01-2018,24-01-2018
2018-01-25 00:00:00,FY2018,FY2018 Q3,"Jan 01, 2018",2018-01-25
2018-01-26,FY2018,FY2018 Q3,01/01/2018,2018-01-26
2018-01-27,FY2018,FY2018 Q3,2018-01-01 00:00:00,01/27/2018
"Jan 28, 2018",FY2018,FY2018 Q3,2018-01-01,01/28/2018
"Jan 29, 2018",FY2018,FY2018 Q3,"Jan 01, 2018",20180129
30-01-2018,FY2018,FY2018 Q3,2018-01-01,20180130
20180131,FY2018,FY2018 Q3,01/01/2018,01/31/2018
01-02-2018,FY2018,FY2018 Q3,20180201,2018-02-01 00:00:00
02-02-2018,FY2018,FY2018 Q3,02/01/2018,2018-02-02 00:00:00
20180203,FY2018,FY2018 Q3,02/01/2018,2018-02-03
02/04/2018,FY2018,FY2018 Q3,"Feb 01, 2018",2018-02-04
"Feb 05, 2018",FY2018,FY2018 Q3,2018-02-01 00:00:00,05-02-2018
"Feb 06, 2018",FY2018,FY2018 Q3,02/01/2018,20180206
2018-02-07,FY2018,FY2018 Q3,"Feb 01, 2018",20180207
"Feb 08, 2018",FY2018,FY2018 Q3,2018-02-01 00:00:00,2018-02-08 00:00:00
09-02-2018,FY2018,FY2018 Q3,2018-02-01,"Feb 09, 2018"
02/10/2018,FY2018,FY2018 Q3,01-02-2018,2018-02-10
20180211,FY2018,FY2018 Q3,01-02-2018,11-02-2018
12-02-2018,2018,FY2018 Q3,2018-02-01,2018-02-12
2018-02-13,FY2018,FY2018 Q3,2018-02-01 00:00:00,"Feb 13, 2018"
20180214,FY2018,FY2018 Q3,02/01/2018,02/14/2018
02/15/2018,FY2018,FY2018 Q3,2018-02-01,"Feb 15, 2018"
"Feb 16, 2018",FY2018,FY2018 Q3,2018-02-01 00:00:00,02/16/2018
02/17/2018,FY2018,FY2018 Q3,"Feb 01, 2018",17-02-2018
"Feb 18, 2018",FY-2018,FY2018 Q3,2018-02-01 00:00:00,20180218
19-02-2018,FY2018,FY2018 Q3,02/01/2018,19-02-2018
2018-02-20,FY2018,FY2018 Q3,01-02-2018,"Feb 20, 2018"
20180221,2018,FY2018 Q3,"Feb 01, 2018",2018-02-21 00:00:00
02/22/2018,FY2018,FY2018 Q3,2018-02-01,2018-02-22
23-02-2018,FY2018,FY2018 Q3,2018-02-01 00:00:00,2018-02-23 00:00:00
24-02-2018,FY-2018,FY2018 Q3,2018-02-01,02/24/2018
02/25/2018,FY2018,FY2018 Q3,20180201,20180225
02/26/2018,FY2018,FY2018 Q3,01-02-2018,2018-02-26
2018-02-27,FY2018,FY2018 Q3,20180201,20180227
28-02-2018,FY2018,FY2018 Q3,20180201,28-02-2018
2018-03-01 00:00:00,FY2018,FY2018 Q3,01-03-2018,2018-03-01
03/02/2018,FY2018,FY2018 Q3,"Mar 01, 2018","Mar 02, 2018"
"Mar 03, 2018",FY2018,FY2018 Q3,03/01/2018,03-03-2018
04-03-2018,FY2018,FY2018 Q3,2018-03-01 00:00:00,2018-03-04 00:00:00
2018-03-05,FY2018,FY2018 Q3,20180301,2018-03-05 00:00:00
06-03-2018,FY2018,FY2018 Q3,03/01/2018,03/06/2018
07-03-2018,FY2018,,"Mar 01, 2018",2018-03-07 00:00:00
2018-03-08,FY2018,FY2018 Q3,2018-03-01 00:00:00,03/08/2018
2018-03-09,FY2018,FY2018 Q3,20180301,2018-03-09 00:00:00
03/10/2018,FY2018,FY2018 Q3,"Mar 01, 2018",2018-03-10
11-03-2018,FY2018,FY2018 Q3,2018-03-01,11-03-2018
03/12/2018,FY2018,FY2018 Q3,03/01/2018,"Mar 12, 2018"
13-03-2018,2018,FY2018 Q3,03/01/2018,20180313
20180314,FY2018,FY2018 Q3,2018-03-01 00:00:00,2018-03-14 00:00:00
2018-03-15,FY2018,FY2018 Q3,20180301,03/15/2018
2018-03-16,2018,FY2018 Q3,2018-03-01 00:00:00,20180316
20180317,FY2018,FY2018 Q3,03/01/2018,"Mar 17, 2018"
"Mar 18, 2018",FY2018,FY2018 Q3,2018-03-01 00:00:00,2018-03-18
"Mar 19, 2018",FY2018,FY2018 Q3,03/01/2018,03/19/2018
20180320,FY2018,FY2018 Q3,2018-03-01 00:00:00,2018-03-20
2018-03-21 00:00:00,FY2018,FY2018 Q3,20180301,2018-03-21 00:00:00
22-03-2018,FY2018,FY2018 Q3,2018-03-01 00:00:00,"Mar 22, 2018"
2018-03-23,FY2018,FY2018 Q3,"Mar 01, 2018",2018-03-23
2018-03-24 00:00:00,FY-2018,FY2018 Q3,2018-03-01,24-03-2018
25-03-2018,FY2018,FY2018 Q3,"Mar 01, 2018",2018-03-25
2018-03-26,FY2018,FY2018 Q3,2018-03-01,"Mar 26, 2018"
03/27/2018,FY2018,FY2018 Q3,01-03-2018,2018-03-27 00:00:00
"Mar 28, 2018",FY2018,FY2018 Q3,01-03-2018,2018-03-28
2018-03-29 00:00:00,FY2018,FY2018 Q3,03/01/2018,2018-03-29 00:00:00
2018-03-30 00:00:00,FY2018,FY2018 Q3,2018-03-01 00:00:00,03/30/2018
2018-03-31,FY-2018,FY2018 Q3,"Mar 01, 2018",20180331
"Oct 01, 2017",FY2018,FY2018 Q2,10/01/2017,"Oct 01, 2017"
2017-10-02 00:00:00,2018,FY2018 Q2,01-10-2017,2017-10-02
03-10-2017,FY2018,FY2018 Q2,2017-10-01 00:00:00,2017-10-03
2017-10-04,FY2018,FY2018 Q2,"Oct 01, 2017",04-10-2017
"Oct 05, 2017",FY2018,FY2018 Q2,"Oct 01, 2017",20171005
2017-10-06,FY2018,FY2018 Q2,10/01/2017,"Oct 06, 2017"
07-10-2017,FY2018,FY2018 Q2,2017-10-01,2017-10-07
2017-10-08 00:00:00,FY2018,FY2018 Q2,10/01/2017,08-10-2017
2017-10-09,FY-2018,FY2018 Q2,2017-10-01,20171009
10-10-2017,FY-2018,FY2018 Q2,10/01/2017,2017-10-10 00:00:00
2017-10-11,FY2018,FY2018 Q2,20171001,11-10-2017
10/12/2017,FY-2018,FY2018 Q2,20171001,12-10-2017
2017-10-13,2018,FY2018 Q2,2017-10-01,"Oct 13, 2017"
2017-10-14 00:00:00,FY2018,FY2018 Q2,20171001,14-10-2017
2017-10-15,FY2018,FY2018 Q2,2017-10-01,2017-10-15
20171016,2018,FY2018 Q2,2017-10-01 00:00:00,16-10-2017
17-10-2017,FY2018,FY2018 Q2,10/01/2017,2017-10-17 00:00:00
2017-10-18 00:00:00,FY2018,FY2018 Q2,10/01/2017,"Oct 18, 2017"
2017-10-19,FY2018,FY2018 Q2,"Oct 01, 2017",2017-10-19
20-10-2017,FY2018,FY2018 Q2,01-10-2017,20-10-2017
2017-10-21 00:00:00,FY2018,,2017-10-01,2017-10-21
22-10-2017,FY2018,FY2018 Q2,2017-10-01 00:00:00,"Oct 22, 2017"
2017-10-23,2018,FY2018 Q2,20171001,10/23/2017
24-10-2017,FY2018,FY2018 Q2,"Oct 01, 2017","Oct 24, 2017"
20171025,FY2018,FY2018 Q2,20171001,25-10-2017
"Oct 26, 2017",FY2018,FY2018 Q2,20171001,10/26/2017
"Oct 27, 2017",FY2018,FY2018 Q2,2017-10-01,20171027
10/28/2017,FY2018,FY2018 Q2,10/01/2017,"Oct 28, 2017"
10/29/2017,FY2018,FY2018 Q2,"Oct 01, 2017","Oct 29, 2017"
10/30/2017,FY2018,,20171001,2017-10-30
20171031,FY2018,FY2018 Q2,01-10-2017,2017-10-31 00:00:00
20171101,FY2018,FY2018 Q2,"Nov 01, 2017",2017-11-01 00:00:00
2017-11-02 00:00:00,FY-2018,FY2018 Q2,2017-11-01,2017-11-02
"Nov 03, 2017",FY2018,FY2018 Q2,20171101,"Nov 03, 2017"
11/04/2017,FY2018,FY2018 Q2,11/01/2017,2017-11-04 00:00:00
20171105,FY2018,FY2018 Q2,20171101,11/05/2017
"Nov 06, 2017",FY2018,FY2018 Q2,2017-11-01 00:00:00,20171106
"Nov 07, 2017",FY2018,FY2018 Q2,2017-11-01 00:00:00,"Nov 07, 2017"
"Nov 08, 2017",FY2018,FY2018 Q2,01-11-2017,"Nov 08, 2017"
09-11-2017,FY-2018,FY2018 Q2,"Nov 01, 2017",2017-11-09
20171110,FY2018,FY2018 Q2,"Nov 01, 2017",2017-11-10
11/11/2017,2018,FY2018 Q2,2017-11-01,"Nov 11, 2017"
"Nov 12, 2017",2018,FY2018 Q2,2017-11-01,"Nov 12, 2017"
20171113,FY2018,FY2018 Q2,01-11-2017,20171113
"Nov 14, 2017",FY2018,FY2018 Q2,2017-11-01 00:00:00,2017-11-14 00:00:00
11/15/2017,FY2018,FY2018 Q2,2017-11-01,2017-11-15
2017-11-16,FY2018,FY2018 Q2,11/01/2017,2017-11-16 00:00:00
"Nov 17, 2017",FY2018,FY2018 Q2,"Nov 01, 2017",20171117
11/18/2017,FY2018,FY2018 Q2,2017-11-01,"Nov 18, 2017"
2017-11-19 00:00:00,FY2018,FY2018 Q2,20171101,2017-11-19
20-11-2017,FY2018,FY2018 Q2,20171101,20-11-2017
11/21/2017,2018,FY2018 Q2,"Nov 01, 2017",21-11-2017
11/22/2017,2018,FY2018 Q2,2017-11-01,2017-11-22
"Nov 23, 2017",FY2018,FY2018 Q2,11/01/2017,20171123
2017-11-24,FY2018,FY2018 Q2,"Nov 01, 2017",2017-11-24 00:00:00
20171125,FY2018,FY2018 Q2,"Nov 01, 2017",20171125
2017-11-26,FY2018,FY2018 Q2,2017-11-01 00:00:00,2017-11-26 00:00:00
27-11-2017,FY2018,FY2018 Q2,11/01/2017,20171127
20171128,FY2018,FY2018 Q2,20171101,2017-11-28
11/29/2017,FY2018,FY2018 Q2,"Nov 01, 2017",2017-11-29
20171130,FY2018,FY2018 Q2,2017-11-01 00:00:00,20171130
2017-12-01,FY2018,FY2018 Q2,12/01/2017,20171201
20171202,2018,FY2018 Q2,"Dec 01, 2017",2017-12-02 00:00:00
2017-12-03,FY2018,FY2018 Q2,2017-12-01 00:00:00,12/03/2017
12/04/2017,FY2018,FY2018 Q2,"Dec 01, 2017","Dec 04, 2017"
05-12-2017,FY-2018,FY2018 Q2,01-12-2017,05-12-2017
2017-12-06,FY2018,FY2018 Q2,2017-12-01 00:00:00,12/06/2017
12/07/2017,FY2018,,"Dec 01, 2017",2017-12-07
20171208,FY2018,FY2018 Q2,12/01/2017,20171208
12/09/2017,FY-2018,FY2018 Q2,2017-12-01,20171209
"Dec 10, 2017",FY2018,FY2018 Q2,"Dec 01, 2017",2017-12-10
11-12-2017,FY2018,FY2018 Q2,12/01/2017,"Dec 11, 2017"
"Dec 12, 2017",FY2018,FY2018 Q2,12/01/2017,2017-12-12
2017-12-13,FY2018,FY2018 Q2,20171201,13-12-2017
12/14/2017,FY-2018,FY2018 Q2,2017-12-01 00:00:00,2017-12-14 00:00:00
2017-12-15 00:00:00,FY2018,FY2018 Q2,"Dec 01, 2017","Dec 15, 2017"
16-12-2017,FY-2018,FY2018 Q2,2017-12-01,2017-12-16 00:00:00
"Dec 17, 2017",FY2018,FY2018 Q2,01-12-2017,17-12-2017
2017-12-18,FY2018,FY2018 Q2,20171201,"Dec 18, 2017"
"Dec 19, 2017",FY2018,FY2018 Q2,"Dec 01, 2017",12/19/2017
12/20/2017,2018,FY2018 Q2,01-12-2017,20-12-2017
20171221,FY2018,FY2018 Q2,12/01/2017,2017-12-21 00:00:00
20171222,FY2018,FY2018 Q2,"Dec 01, 2017",2017-12-22
"Dec 23, 2017",FY2018,FY2018 Q2,01-12-2017,23-12-2017
24-12-2017,FY2018,FY2018 Q2,12/01/2017,"Dec 24, 2017"
12/25/2017,FY2018,FY2018 Q2,20171201,2017-12-25 00:00:00
20171226,FY2018,FY2018 Q2,"Dec 01, 2017",20171226
27-12-2017,FY2018,FY2018 Q2,"Dec 01, 2017",20171227
12/28/2017,FY2018,FY2018 Q2,2017-12-01 00:00:00,2017-12-28 00:00:00
20171229,FY2018,FY2018 Q2,12/01/2017,2017-12-29 00:00:00
30-12-2017,FY2018,FY2018 Q2,12/01/2017,"Dec 30, 2017"
2017-12-31 00:00:00,2018,FY2018 Q2,12/01/2017,2017-12-31 00:00:00
2017-07-01 00:00:00,FY2018,FY2018 Q1,2017-07-01,01-07-2017
07/02/2017,FY2018,FY2018 Q1,20170701,2017-07-02 00:00:00
2017-07-03,2018,FY2018 Q1,07/01/2017,20170703
2017-07-04 00:00:00,FY2018,FY2018 Q1,2017-07-01 00:00:00,07/04/2017
05-07-2017,FY2018,FY2018 Q1,01-07-2017,05-07-2017
2017-07-06 00:00:00,FY2018,FY2018 Q1,"Jul 01, 2017",2017-07-06
07-07-2017,FY2018,FY2018 Q1,20170701,2017-07-07
2017-07-08 00:00:00,FY2018,FY2018 Q1,2017-07-01,07/08/2017
"Jul 09, 2017",FY2018,FY2018 Q1,2017-07-01 00:00:00,2017-07-09
10-07-2017,FY2018,FY2018 Q1,2017-07-01,07/10/2017
11-07-2017,FY2018,,01-07-2017,2017-07-11
20170712,FY2018,FY2018 Q1,20170701,12-07-2017
"Jul 13, 2017",FY2018,FY2018 Q1,2017-07-01 00:00:00,2017-07-13
2017-07-14,FY2018,FY2018 Q1,07/01/2017,2017-07-14 00:00:00
15-07-2017,FY2018,FY2018 Q1,07/01/2017,"Jul 15, 2017"
2017-07-16,FY2018,FY2018 Q1,2017-07-01,20170716
"Jul 17, 2017",FY2018,FY2018 Q1,2017-07-01 00:00:00,2017-07-17
"Jul 18, 2017",FY2018,FY2018 Q1,20170701,20170718
19-07-2017,FY2018,FY2018 Q1,20170701,19-07-2017
2017-07-20,2018,FY2018 Q1,"Jul 01, 2017","Jul 20, 2017"
21-07-2017,2018,FY2018 Q1,2017-07-01,"Jul 21, 2017"
20170722,FY2018,FY2018 Q1,2017-07-01,"Jul 22, 2017"
2017-07-23 00:00:00,2018,FY2018 Q1,2017-07-01 00:00:00,20170723
07/24/2017,FY2018,FY2018 Q1,"Jul 01, 2017",07/24/2017
2017-07-25 00:00:00,FY2018,FY2018 Q1,01-07-2017,07/25/2017
2017-07-26,FY2018,FY2018 Q1,20170701,2017-07-26 00:00:00
"Jul 27, 2017",FY2018,FY2018 Q1,20170701,27-07-2017
20170728,FY2018,FY2018 Q1,2017-07-01,"Jul 28, 2017"
"Jul 29, 2017",FY2018,FY2018 Q1,2017-07-01,29-07-2017
"Jul 30, 2017",FY2018,FY2018 Q1,01-07-2017,2017-07-30 00:00:00
"Jul 31, 2017",FY2018,FY2018 Q1,2017-07-01 00:00:00,20170731
20170801,FY2018,,2017-08-01,20170801
20170802,FY2018,FY2018 Q1,08/01/2017,02-08-2017
08/03/2017,2018,FY2018 Q1,"Aug 01, 2017",2017-08-03 00:00:00
08/04/2017,FY2018,FY2018 Q1,2017-08-01,2017-08-04
2017-08-05 00:00:00,FY2018,FY2018 Q1,01-08-2017,"Aug 05, 2017"
2017-08-06,FY2018,FY2018 Q1,01-08-2017,06-08-2017
08/07/2017,FY2018,FY2018 Q1,20170801,"Aug 07, 2017"
08/08/2017,2018,FY2018 Q1,2017-08-01,08-08-2017
2017-08-09,FY2018,FY2018 Q1,08/01/2017,"Aug 09, 2017"
10-08-2017,FY2018,FY2018 Q1,2017-08-01,08/10/2017
08/11/2017,2018,FY2018 Q1,"Aug 01, 2017",08/11/2017
08/12/2017,FY2018,FY2018 Q1,08/01/2017,12-08-2017
08/13/2017,FY2018,FY2018 Q1,20170801,2017-08-13
08/14/2017,FY2018,FY2018 Q1,08/01/2017,"Aug 14, 2017"
2017-08-15 00:00:00,FY2018,FY2018 Q1,01-08-2017,"Aug 15, 2017"
"Aug 16, 2017",FY-2018,FY2018 Q1,"Aug 01, 2017",2017-08-16
"Aug 17, 2017",FY2018,FY2018 Q1,20170801,2017-08-17
2017-08-18 00:00:00,FY2018,FY2018 Q1,01-08-2017,2017-08-18
08/19/2017,FY2018,FY2018 Q1,"Aug 01, 2017",08/19/2017
2017-08-20,2018,FY2018 Q1,01-08-2017,20170820
2017-08-21 00:00:00,FY2018,FY2018 Q1,20170801,08/21/2017
"Aug 22, 2017",FY2018,FY2018 Q1,08/01/2017,08/22/2017
20170823,FY2018,FY2018 Q1,08/01/2017,23-08-2017
2017-08-24,FY2018,FY2018 Q1,20170801,"Aug 24, 2017"
08/25/2017,FY-2018,FY2018 Q1,"Aug 01, 2017",08/25/2017
26-08-2017,FY2018,FY2018 Q1,2017-08-01 00:00:00,08/26/2017
2017-08-27,FY2018,FY2018 Q1,"Aug 01, 2017",20170827
"Aug 28, 2017",FY2018,FY2018 Q1,20170801,20170828
2017-08-29 00:00:00,FY-2018,FY2018 Q1,2017-08-01 00:00:00,2017-08-29 00:00:00
2017-08-30 00:00:00,FY2018,FY2018 Q1,2017-08-01,20170830
2017-08-31 00:00:00,FY2018,FY2018 Q1,20170801,2017-08-31
09/01/2017,FY2018,FY2018 Q1,09/01/2017,"Sep 01, 2017"
20170902,FY-2018,FY2018 Q1,09/01/2017,02-09-2017
2017-09-03,2018,FY2018 Q1,20170901,"Sep 03, 2017"
04-09-2017,FY-2018,FY2018 Q1,20170901,04-09-2017
2017-09-05,FY2018,FY2018 Q1,20170901,2017-09-05 00:00:00
2017-09-06,FY2018,FY2018 Q1,2017-09-01,09/06/2017
07-09-2017,FY2018,FY2018 Q1,2017-09-01 00:00:00,20170907
09/08/2017,FY2018,FY2018 Q1,20170901,"Sep 08, 2017"
"Sep 09, 2017",2018,FY2018 Q1,09/01/2017,09/09/2017
20170910,2018,FY2018 Q1,"Sep 01, 2017",09/10/2017
20170911,2018,FY2018 Q1,2017-09-01 00:00:00,"Sep 11, 2017"
20170912,FY2018,FY2018 Q1,2017-09-01 00:00:00,2017-09-12 00:00:00
"Sep 13, 2017",2018,FY2018 Q1,01-09-2017,2017-09-13 00:00:00
14-09-2017,FY2018,FY2018 Q1,2017-09-01 00:00:00,14-09-2017
20170915,FY2018,FY2018 Q1,2017-09-01,2017-09-15 00:00:00
2017-09-16,FY2018,FY2018 Q1,2017-09-01 00:00:00,16-09-2017
20170917,FY2018,FY2018 Q1,09/01/2017,17-09-2017
2017-09-18 00:00:00,2018,FY2018 Q1,20170901,09/18/2017
09/19/2017,FY2018,FY2018 Q1,"Sep 01, 2017",2017-09-19 00:00:00
20170920,2018,FY2018 Q1,"Sep 01, 2017",20-09-2017
2017-09-21,FY2018,FY2018 Q1,"Sep 01, 2017",21-09-2017
2017-09-22 00:00:00,FY2018,FY2018 Q1,2017-09-01,"Sep 22, 2017"
09/23/2017,FY-2018,FY2018 Q1,20170901,09/23/2017
20170924,FY2018,FY2018 Q1,01-09-2017,2017-09-24
25-09-2017,FY2018,FY2018 Q1,20170901,09/25/2017
20170926,FY2018,FY2018 Q1,01-09-2017,"Sep 26, 2017"
2017-09-27 00:00:00,FY2018,FY2018 Q1,2017-09-01,2017-09-27 00:00:00
"Sep 28, 2017",FY2018,FY2018 Q1,2017-09-01 00:00:00,2017-09-28
"Sep 29, 2017",FY2018,FY2018 Q1,20170901,2017-09-29
20170930,FY2018,FY2018 Q1,"Sep 01, 2017",2017-09-30
20180701,2019,FY2019 Q1,"Jul 01, 2018",01-07-2018
07/02/2018,FY2019,FY2019 Q1,01-07-2018,2018-07-02 00:00:00
20180703,FY-2019,FY2019 Q1,2018-07-01 00:00:00,03-07-2018
"Jul 04, 2018",FY2019,FY2019 Q1,07/01/2018,20180704
2018-07-05,2019,FY2019 Q1,20180701,20180705
06-07-2018,FY2019,FY2019 Q1,20180701,"Jul 06, 2018"
07/07/2018,2019,FY2019 Q1,2018-07-01 00:00:00,07-07-2018
20180708,FY2019,FY2019 Q1,07/01/2018,2018-07-08
07/09/2018,FY2019,FY2019 Q1,2018-07-01 00:00:00,2018-07-09 00:00:00
"Jul 10, 2018",FY-2019,FY2019 Q1,07/01/2018,10-07-2018
2018-07-11,FY-2019,FY2019 Q1,20180701,2018-07-11
"Jul 12, 2018",FY2019,FY2019 Q1,2018-07-01 00:00:00,07/12/2018
"Jul 13, 2018",FY2019,FY2019 Q1,01-07-2018,"Jul 13, 2018"
07/14/2018,FY2019,FY2019 Q1,20180701,"Jul 14, 2018"
07/15/2018,FY2019,FY2019 Q1,2018-07-01,15-07-2018
07/16/2018,FY-2019,FY2019 Q1,"Jul 01, 2018",16-07-2018
2018-07-17,FY2019,FY2019 Q1,01-07-2018,07/17/2018
"Jul 18, 2018",2019,FY2019 Q1,01-07-2018,07/18/2018
20180719,FY2019,FY2019 Q1,07/01/2018,07/19/2018
2018-07-20,FY2019,FY2019 Q1,01-07-2018,20180720
2018-07-21,FY2019,FY2019 Q1,20180701,21-07-2018
"Jul 22, 2018",FY2019,FY2019 Q1,20180701,2018-07-22
"Jul 23, 2018",2019,FY2019 Q1,20180701,"Jul 23, 2018"
"Jul 24, 2018",2019,FY2019 Q1,2018-07-01 00:00:00,07/24/2018
07/25/2018,FY2019,FY2019 Q1,20180701,"Jul 25, 2018"
26-07-2018,FY2019,FY2019 Q1,"Jul 01, 2018",20180726
20180727,FY2019,FY2019 Q1,01-07-2018,07/27/2018
20180728,FY-2019,FY2019 Q1,"Jul 01, 2018",2018-07-28
2018-07-29,FY2019,FY2019 Q1,07/01/2018,20180729
2018-07-30 00:00:00,FY2019,FY2019 Q1,2018-07-01 00:00:00,30-07-2018
2018-07-31 00:00:00,FY2019,FY2019 Q1,"Jul 01, 2018",07/31/2018
20180801,FY2019,FY2019 Q1,01-08-2018,01-08-2018
02-08-2018,FY2019,FY2019 Q1,01-08-2018,08/02/2018
2018-08-03,FY-2019,FY2019 Q1,"Aug 01, 2018",2018-08-03 00:00:00
"Aug 04, 2018",FY2019,FY2019 Q1,08/01/2018,2018-08-04 00:00:00
2018-08-05 00:00:00,FY-2019,FY2019 Q1,20180801,08/05/2018
20180806,FY2019,FY2019 Q1,2018-08-01,08/06/2018
08/07/2018,FY2019,FY2019 Q1,"Aug 01, 2018",07-08-2018
2018-08-08,FY2019,FY2019 Q1,2018-08-01 00:00:00,08/08/2018
2018-08-09,FY-2019,FY2019 Q1,"Aug 01, 2018",09-08-2018
"Aug 10, 2018",FY2019,FY2019 Q1,2018-08-01 00:00:00,2018-08-10 00:00:00
"Aug 11, 2018",FY-2019,FY2019 Q1,08/01/2018,08/11/2018
2018-08-12 00:00:00,FY2019,FY2019 Q1,20180801,2018-08-12
2018-08-13 00:00:00,FY2019,FY2019 Q1,01-08-2018,2018-08-13 00:00:00
2018-08-14 00:00:00,FY2019,FY2019 Q1,01-08-2018,08/14/2018
20180815,FY2019,FY2019 Q1,"Aug 01, 2018","Aug 15, 2018"
08/16/2018,FY2019,FY2019 Q1,"Aug 01, 2018",16-08-2018
20180817,FY2019,FY2019 Q1,08/01/2018,2018-08-17 00:00:00
20180818,FY2019,FY2019 Q1,08/01/2018,20180818
"Aug 19, 2018",2019,FY2019 Q1,"Aug 01, 2018","Aug 19, 2018"
2018-08-20 00:00:00,FY2019,FY2019 Q1,20180801,20180820
08/21/2018,FY2019,FY2019 Q1,2018-08-01,21-08-2018
"Aug 22, 2018",FY2019,FY2019 Q1,01-08-2018,20180822
2018-08-23 00:00:00,FY2019,FY2019 Q1,08/01/2018,08/23/2018
2018-08-24 00:00:00,FY2019,FY2019 Q1,01-08-2018,"Aug 24, 2018"
2018-08-25,FY2019,FY2019 Q1,01-08-2018,2018-08-25
20180826,FY2019,FY2019 Q1,01-08-2018,20180826
"Aug 27, 2018",FY2019,FY2019 Q1,2018-08-01,08/27/2018
"Aug 28, 2018",FY2019,FY2019 Q1,08/01/2018,08/28/2018
20180829,FY2019,FY2019 Q1,01-08-2018,29-08-2018
2018-08-30,FY2019,FY2019 Q1,20180801,2018-08-30
2018-08-31,FY2019,FY2019 Q1,20180801,2018-08-31
20180901,FY2019,FY2019 Q1,2018-09-01 00:00:00,20180901
20180902,FY2019,FY2019 Q1,2018-09-01,2018-09-02 00:00:00
"Sep 03, 2018",FY2019,FY2019 Q1,09/01/2018,03-09-2018
2018-09-04 00:00:00,2019,FY2019 Q1,2018-09-01,2018-09-04 00:00:00
"Sep 05, 2018",FY2019,FY2019 Q1,20180901,05-09-2018
2018-09-06,FY2019,FY2019 Q1,"Sep 01, 2018",06-09-2018
09/07/2018,2019,FY2019 Q1,09/01/2018,2018-09-07 00:00:00
20180908,FY2019,FY2019 Q1,"Sep 01, 2018","Sep 08, 2018"
"Sep 09, 2018",FY2019,FY2019 Q1,01-09-2018,2018-09-09
2018-09-10,FY2019,FY2019 Q1,"Sep 01, 2018",10-09-2018
11-09-2018,FY-2019,FY2019 Q1,"Sep 01, 2018","Sep 11, 2018"
2018-09-12 00:00:00,FY2019,FY2019 Q1,"Sep 01, 2018",09/12/2018
09/13/2018,FY-2019,FY2019 Q1,2018-09-01,"Sep 13, 2018"
14-09-2018,FY2019,FY2019 Q1,20180901,14-09-2018
09/15/2018,FY2019,FY2019 Q1,2018-09-01,2018-09-15
"Sep 16, 2018",FY2019,FY2019 Q1,2018-09-01 00:00:00,20180916
2018-09-17 00:00:00,FY2019,FY2019 Q1,2018-09-01,2018-09-17 00:00:00
18-09-2018,2019,FY2019 Q1,09/01/2018,"Sep 18, 2018"
20180919,FY2019,FY2019 Q1,20180901,09/19/2018
20-09-2018,FY2019,FY2019 Q1,2018-09-01 00:00:00,"Sep 20, 2018"
"Sep 21, 2018",FY2019,FY2019 Q1,20180901,20180921
2018-09-22,FY2019,FY2019 Q1,09/01/2018,09/22/2018
20180923,2019,FY2019 Q1,09/01/2018,23-09-2018
"Sep 24, 2018",FY2019,FY2019 Q1,"Sep 01, 2018",2018-09-24 00:00:00
2018-09-25,FY2019,FY2019 Q1,01-09-2018,25-09-2018
2018-09-26 00:00:00,FY2019,FY2019 Q1,2018-09-01,"Sep 26, 2018"
20180927,FY2019,FY2019 Q1,09/01/2018,20180927
"Sep 28, 2018",FY-2019,FY2019 Q1,"Sep 01, 2018",2018-09-28 00:00:00
09/29/2018,FY2019,FY2019 Q1,2018-09-01 00:00:00,09/29/2018
09/30/2018,FY2019,FY2019 Q1,2018-09-01,"Sep 30, 2018"
2018-10-01 00:00:00,FY2019,FY2019 Q2,01-10-2018,10/01/2018
02-10-2018,FY2019,FY2019 Q2,10/01/2018,2018-10-02 00:00:00
2018-10-03,2019,FY2019 Q2,20181001,2018-10-03 00:00:00
2018-10-04 00:00:00,FY2019,FY2019 Q2,01-10-2018,20181004
"Oct 05, 2018",FY2019,FY2019 Q2,2018-10-01,2018-10-05
"Oct 06, 2018",FY2019,FY2019 Q2,2018-10-01 00:00:00,20181006
20181007,FY2019,FY2019 Q2,10/01/2018,10/07/2018
"Oct 08, 2018",FY2019,FY2019 Q2,20181001,2018-10-08 00:00:00
20181009,FY2019,FY2019 Q2,"Oct 01, 2018",2018-10-09 00:00:00
2018-10-10,FY-2019,FY2019 Q2,"Oct 01, 2018",10-10-2018
10/11/2018,FY2019,FY2019 Q2,2018-10-01,"Oct 11, 2018"
2018-10-12,FY2019,FY2019 Q2,"Oct 01, 2018",20181012
2018-10-13,FY2019,FY2019 Q2,2018-10-01 00:00:00,2018-10-13 00:00:00
"Oct 14, 2018",FY2019,FY2019 Q2,20181001,10/14/2018
2018-10-15,FY2019,FY2019 Q2,01-10-2018,20181015
"Oct 16, 2018",FY2019,FY2019 Q2,01-10-2018,2018-10-16
10/17/2018,FY2019,FY2019 Q2,2018-10-01,"Oct 17, 2018"
18-10-2018,2019,FY2019 Q2,2018-10-01,2018-10-18
"Oct 19, 2018",2019,FY2019 Q2,"Oct 01, 2018",19-10-2018
2018-10-20 00:00:00,FY2019,FY2019 Q2,20181001,20-10-2018
2018-10-21,FY2019,FY2019 Q2,2018-10-01,"Oct 21, 2018"
"Oct 22, 2018",FY2019,FY2019 Q2,"Oct 01, 2018",10/22/2018
"Oct 23, 2018",FY2019,FY2019 Q2,"Oct 01, 2018",2018-10-23 00:00:00
24-10-2018,FY2019,FY2019 Q2,20181001,10/24/2018
2018-10-25 00:00:00,FY2019,FY2019 Q2,2018-10-01,20181025
26-10-2018,FY2019,FY2019 Q2,20181001,10/26/2018
27-10-2018,2019,FY2019 Q2,2018-10-01 00:00:00,10/27/2018
"Oct 28, 2018",FY2019,FY2019 Q2,2018-10-01 00:00:00,2018-10-28 00:00:00
20181029,FY2019,FY2019 Q2,"Oct 01, 2018",2018-10-29 00:00:00
"Oct 30, 2018",FY2019,FY2019 Q2,10/01/2018,2018-10-30
"Oct 31, 2018",FY2019,FY2019 Q2,"Oct 01, 2018",20181031
2018-11-01,FY2019,FY2019 Q2,11/01/2018,20181101
02-11-2018,FY2019,FY2019 Q2,2018-11-01 00:00:00,02-11-2018
"Nov 03, 2018",FY2019,FY2019 Q2,2018-11-01,2018-11-03
11/04/2018,FY2019,FY2019 Q2,11/01/2018,2018-11-04
11/05/2018,2019,FY2019 Q2,11/01/2018,2018-11-05
06-11-2018,FY2019,FY2019 Q2,"Nov 01, 2018",06-11-2018
20181107,FY2019,FY2019 Q2,01-11-2018,11/07/2018
08-11-2018,FY-2019,FY2019 Q2,2018-11-01,11/08/2018
"Nov 09, 2018",FY2019,FY2019 Q2,11/01/2018,2018-11-09 00:00:00
20181110,FY2019,FY2019 Q2,2018-11-01 00:00:00,20181110
2018-11-11 00:00:00,FY2019,FY2019 Q2,20181101,2018-11-11 00:00:00
20181112,FY2019,FY2019 Q2,01-11-2018,2018-11-12
2018-11-13 00:00:00,FY-2019,FY2019 Q2,"Nov 01, 2018",11/13/2018
2018-11-14 00:00:00,FY2019,FY2019 Q2,01-11-2018,14-11-2018
11/15/2018,FY-2019,FY2019 Q2,11/01/2018,2018-11-15
20181116,FY2019,FY2019 Q2,01-11-2018,16-11-2018
2018-11-17,FY2019,FY2019 Q2,2018-11-01,20181117
11/18/2018,FY2019,FY2019 Q2,2018-11-01,20181118
2018-11-19,FY2019,FY2019 Q2,20181101,19-11-2018
11/20/2018,FY2019,FY2019 Q2,01-11-2018,20181120
2018-11-21,FY2019,FY2019 Q2,20181101,2018-11-21 00:00:00
2018-11-22 00:00:00,FY2019,FY2019 Q2,01-11-2018,"Nov 22, 2018"
"Nov 23, 2018",FY2019,FY2019 Q2,01-11-2018,"Nov 23, 2018"
2018-11-24 00:00:00,FY2019,FY2019 Q2,01-11-2018,2018-11-24 00:00:00
2018-11-25,FY2019,FY2019 Q2,20181101,2018-11-25 00:00:00
20181126,2019,FY2019 Q2,01-11-2018,20181126
2018-11-27 00:00:00,2019,FY2019 Q2,"Nov 01, 2018",11/27/2018
20181128,FY2019,FY2019 Q2,20181101,2018-11-28 00:00:00
2018-11-29 00:00:00,FY2019,FY2019 Q2,11/01/2018,20181129
2018-11-30 00:00:00,FY-2019,FY2019 Q2,2018-11-01 00:00:00,2018-11-30
20181201,FY-2019,FY2019 Q2,12/01/2018,12/01/2018
02-12-2018,FY2019,FY2019 Q2,"Dec 01, 2018",20181202
2018-12-03,FY2019,FY2019 Q2,2018-12-01,"Dec 03, 2018"
04-12-2018,FY-2019,,2018-12-01,"Dec 04, 2018"
2018-12-05 00:00:00,FY2019,FY2019 Q2,2018-12-01 00:00:00,"Dec 05, 2018"
"Dec 06, 2018",FY2019,FY2019 Q2,2018-12-01 00:00:00,20181206
"Dec 07, 2018",FY2019,FY2019 Q2,20181201,2018-12-07
20181208,FY2019,FY2019 Q2,2018-12-01 00:00:00,"Dec 08, 2018"
2018-12-09 00:00:00,2019,,2018-12-01 00:00:00,2018-12-09
2018-12-10 00:00:00,FY-2019,FY2019 Q2,2018-12-01,2018-12-10 00:00:00
11-12-2018,FY2019,FY2019 Q2,01-12-2018,11-12-2018
12/12/2018,2019,FY2019 Q2,20181201,12/12/2018
2018-12-13 00:00:00,FY2019,FY2019 Q2,2018-12-01,"Dec 13, 2018"
2018-12-14,FY2019,FY2019 Q2,01-12-2018,12/14/2018
"Dec 15, 2018",FY2019,FY2019 Q2,01-12-2018,"Dec 15, 2018"
20181216,FY2019,FY2019 Q2,20181201,"Dec 16, 2018"
2018-12-17 00:00:00,FY2019,FY2019 Q2,12/01/2018,"Dec 17, 2018"
"Dec 18, 2018",FY2019,FY2019 Q2,"Dec 01, 2018",2018-12-18 00:00:00
2018-12-19,FY2019,FY2019 Q2,2018-12-01 00:00:00,2018-12-19
2018-12-20 00:00:00,FY2019,FY2019 Q2,2018-12-01 00:00:00,12/20/2018
12/21/2018,FY2019,FY2019 Q2,01-12-2018,2018-12-21 00:00:00
20181222,FY2019,FY2019 Q2,2018-12-01,12/22/2018
"Dec 23, 2018",FY2019,FY2019 Q2,2018-12-01,2018-12-23 00:00:00
12/24/2018,FY2019,FY2019 Q2,"Dec 01, 2018",12/24/2018
2018-12-25 00:00:00,FY2019,FY2019 Q2,20181201,2018-12-25 00:00:00
26-12-2018,FY2019,FY2019 Q2,2018-12-01,"Dec 26, 2018"
2018-12-27 00:00:00,FY2019,FY2019 Q2,2018-12-01,20181227
12/28/2018,FY2019,FY2019 Q2,2018-12-01 00:00:00,28-12-2018
20181229,FY2019,FY2019 Q2,20181201,20181229
2018-12-30,FY2019,FY2019 Q2,20181201,2018-12-30 00:00:00
12/31/2018,2019,FY2019 Q2,2018-12-01,2018-12-31 00:00:00
20190101,FY2019,FY2019 Q3,20190101,01-01-2019
2019-01-02 00:00:00,FY-2019,FY2019 Q3,2019-01-01 00:00:00,01/02/2019
"Jan 03, 2019",FY2019,FY2019 Q3,2019-01-01,2019-01-03 00:00:00
"Jan 04, 2019",FY2019,FY2019 Q3,2019-01-01 00:00:00,20190104
20190105,FY2019,FY2019 Q3,01-01-2019,20190105
2019-01-06,FY2019,FY2019 Q3,01/01/2019,06-01-2019
07-01-2019,2019,FY2019 Q3,2019-01-01,07-01-2019
2019-01-08,FY2019,FY2019 Q3,20190101,08-01-2019
09-01-2019,2019,FY2019 Q3,20190101,2019-01-09
10-01-2019,FY2019,FY2019 Q3,20190101,01/10/2019
20190111,FY2019,FY2019 Q3,2019-01-01,2019-01-11 00:00:00
"Jan 12, 2019",FY2019,FY2019 Q3,2019-01-01 00:00:00,12-01-2019
2019-01-13 00:00:00,FY2019,FY2019 Q3,01/01/2019,20190113
2019-01-14,FY2019,FY2019 Q3,01-01-2019,01/14/2019
01/15/2019,FY2019,FY2019 Q3,01-01-2019,01/15/2019
2019-01-16 00:00:00,2019,FY2019 Q3,2019-01-01 00:00:00,01/16/2019
2019-01-17 00:00:00,2019,FY2019 Q3,01-01-2019,2019-01-17
20190118,FY2019,FY2019 Q3,20190101,"Jan 18, 2019"
01/19/2019,FY2019,FY2019 Q3,"Jan 01, 2019",2019-01-19 00:00:00
2019-01-20 00:00:00,2019,FY2019 Q3,20190101,01/20/2019
2019-01-21,FY-2019,FY2019 Q3,2019-01-01 00:00:00,21-01-2019
22-01-2019,FY-2019,FY2019 Q3,"Jan 01, 2019",20190122
01/23/2019,FY2019,FY2019 Q3,2019-01-01,23-01-2019
2019-01-24,FY2019,FY2019 Q3,"Jan 01, 2019",2019-01-24 00:00:00
20190125,FY2019,FY2019 Q3,2019-01-01,25-01-2019
2019-01-26 00:00:00,FY2019,FY2019 Q3,01-01-2019,01/26/2019
27-01-2019,FY2019,FY2019 Q3,01/01/2019,"Jan 27, 2019"
20190128,FY2019,FY2019 Q3,01/01/2019,"Jan 28, 2019"
01/29/2019,FY2019,FY2019 Q3,2019-01-01 00:00:00,2019-01-29 00:00:00
30-01-2019,FY2019,FY2019 Q3,20190101,2019-01-30 00:00:00
20190131,FY2019,FY2019 Q3,"Jan 01, 2019",20190131
"Feb 01, 2019",FY2019,FY2019 Q3,20190201,2019-02-01
"Feb 02, 2019",FY2019,FY2019 Q3,01-02-2019,02/02/2019
03-02-2019,FY2019,FY2019 Q3,20190201,"Feb 03, 2019"
2019-02-04 00:00:00,FY2019,FY2019 Q3,01-02-2019,2019-02-04
05-02-2019,FY2019,FY2019 Q3,01-02-2019,20190205
02/06/2019,FY2019,FY2019 Q3,01-02-2019,2019-02-06
02/07/2019,FY2019,FY2019 Q3,20190201,"Feb 07, 2019"
2019-02-08,FY-2019,FY2019 Q3,2019-02-01,2019-02-08 00:00:00
20190209,FY2019,FY2019 Q3,20190201,20190209
"Feb 10, 2019",FY2019,FY2019 Q3,"Feb 01, 2019",2019-02-10
02/11/2019,FY2019,FY2019 Q3,02/01/2019,2019-02-11 00:00:00
20190212,FY2019,FY2019 Q3,01-02-2019,20190212
02/13/2019,FY2019,FY2019 Q3,02/01/2019,"Feb 13, 2019"
2019-02-14 00:00:00,FY2019,FY2019 Q3,20190201,"Feb 14, 2019"
2019-02-15,FY2019,FY2019 Q3,2019-02-01,2019-02-15 00:00:00
16-02-2019,FY2019,FY2019 Q3,01-02-2019,02/16/2019
2019-02-17 00:00:00,FY2019,FY2019 Q3,02/01/2019,"Feb 17, 2019"
"Feb 18, 2019",FY2019,FY2019 Q3,02/01/2019,"Feb 18, 2019"
20190219,FY2019,FY2019 Q3,"Feb 01, 2019",19-02-2019
20190220,FY2019,FY2019 Q3,"Feb 01, 2019",20-02-2019
20190221,FY2019,FY2019 Q3,02/01/2019,2019-02-21
02/22/2019,FY2019,FY2019 Q3,2019-02-01 00:00:00,2019-02-22
2019-02-23,FY2019,FY2019 Q3,01-02-2019,20190223
"Feb 24, 2019",FY2019,FY2019 Q3,"Feb 01, 2019",2019-02-24 00:00:00
25-02-2019,2019,FY2019 Q3,2019-02-01 00:00:00,"Feb 25, 2019"
2019-02-26,FY-2019,FY2019 Q3,"Feb 01, 2019",02/26/2019
20190227,FY2019,FY2019 Q3,20190201,"Feb 27, 2019"
"Feb 28, 2019",FY2019,FY2019 Q3,"Feb 01, 2019",2019-02-28 00:00:00
01-03-2019,FY2019,FY2019 Q3,20190301,03/01/2019
2019-03-02 00:00:00,FY2019,FY2019 Q3,20190301,"Mar 02, 2019"
20190303,FY2019,FY2019 Q3,2019-03-01 00:00:00,03/03/2019
04-03-2019,FY2019,FY2019 Q3,2019-03-01,2019-03-04
2019-03-05,FY2019,FY2019 Q3,"Mar 01, 2019",20190305
2019-03-06,FY-2019,FY2019 Q3,2019-03-01 00:00:00,03/06/2019
07-03-2019,FY2019,FY2019 Q3,2019-03-01 00:00:00,"Mar 07, 2019"
20190308,FY2019,FY2019 Q3,2019-03-01 00:00:00,"Mar 08, 2019"
20190309,FY2019,FY2019 Q3,2019-03-01,2019-03-09 00:00:00
10-03-2019,FY2019,FY2019 Q3,"Mar 01, 2019",20190310
20190311,2019,FY2019 Q3,20190301,2019-03-11
20190312,FY2019,FY2019 Q3,01-03-2019,12-03-2019
03/13/2019,FY2019,FY2019 Q3,"Mar 01, 2019",2019-03-13 00:00:00
2019-03-14,FY2019,FY2019 Q3,"Mar 01, 2019",03/14/2019
"Mar 15, 2019",2019,FY2019 Q3,2019-03-01,20190315
"Mar 16, 2019",FY2019,FY2019 Q3,01-03-2019,"Mar 16, 2019"
2019-03-17 00:00:00,FY2019,FY2019 Q3,2019-03-01,17-03-2019
20190318,FY2019,FY2019 Q3,01-03-2019,2019-03-18 00:00:00
"Mar 19, 2019",FY2019,FY2019 Q3,2019-03-01 00:00:00,20190319
2019-03-20 00:00:00,FY2019,FY2019 Q3,2019-03-01,2019-03-20
21-03-2019,FY2019,FY2019 Q3,03/01/2019,2019-03-21
20190322,FY2019,FY2019 Q3,20190301,03/22/2019
23-03-2019,FY2019,FY2019 Q3,03/01/2019,20190323
2019-03-24 00:00:00,FY2019,FY2019 Q3,01-03-2019,2019-03-24 00:00:00
03/25/2019,FY2019,FY2019 Q3,"Mar 01, 2019",03/25/2019
26-03-2019,FY2019,FY2019 Q3,20190301,2019-03-26 00:00:00
27-03-2019,FY-2019,FY2019 Q3,01-03-2019,2019-03-27
2019-03-28 00:00:00,FY2019,FY2019 Q3,01-03-2019,28-03-2019
29-03-2019,FY2019,FY2019 Q3,2019-03-01,20190329
03/30/2019,FY2019,FY2019 Q3,03/01/2019,"Mar 30, 2019"
31-03-2019,FY2019,FY2019 Q3,2019-03-01 00:00:00,31-03-2019
01-04-2019,FY2019,FY2019 Q4,20190401,2019-04-01 00:00:00
"Apr 02, 2019",FY2019,FY2019 Q4,2019-04-01,2019-04-02 00:00:00
20190403,FY-2019,FY2019 Q4,"Apr 01, 2019",20190403
20190404,FY2019,FY2019 Q4,04/01/2019,04/04/2019
20190405,2019,FY2019 Q4,20190401,05-04-2019
04/06/2019,FY-2019,FY2019 Q4,"Apr 01, 2019",2019-04-06 00:00:00
"Apr 07, 2019",FY2019,FY2019 Q4,2019-04-01,2019-04-07
04/08/2019,FY2019,FY2019 Q4,04/01/2019,2019-04-08 00:00:00
"Apr 09, 2019",FY2019,FY2019 Q4,04/01/2019,"Apr 09, 2019"
"Apr 10, 2019",FY2019,FY2019 Q4,2019-04-01 00:00:00,20190410
2019-04-11,FY2019,FY2019 Q4,2019-04-01 00:00:00,"Apr 11, 2019"
20190412,FY2019,FY2019 Q4,"Apr 01, 2019",12-04-2019
04/13/2019,FY2019,FY2019 Q4,04/01/2019,2019-04-13
04/14/2019,FY2019,FY2019 Q4,2019-04-01,04/14/2019
2019-04-15 00:00:00,2019,FY2019 Q4,"Apr 01, 2019",04/15/2019
20190416,2019,FY2019 Q4,2019-04-01 00:00:00,16-04-2019
20190417,2019,FY2019 Q4,2019-04-01 00:00:00,04/17/2019
"Apr 18, 2019",FY2019,FY2019 Q4,01-04-2019,"Apr 18, 2019"
19-04-2019,FY2019,FY2019 Q4,01-04-2019,"Apr 19, 2019"
2019-04-20,FY2019,FY2019 Q4,04/01/2019,"Apr 20, 2019"
20190421,FY2019,FY2019 Q4,2019-04-01,"Apr 21, 2019"
2019-04-22 00:00:00,FY2019,FY2019 Q4,2019-04-01 00:00:00,"Apr 22, 2019"
2019-04-23,FY2019,FY2019 Q4,04/01/2019,2019-04-23 00:00:00
2019-04-24,FY2019,FY2019 Q4,2019-04-01,2019-04-24
25-04-2019,FY2019,FY2019 Q4,04/01/2019,2019-04-25 00:00:00
26-04-2019,FY2019,FY2019 Q4,01-04-2019,"Apr 26, 2019"
2019-04-27,FY2019,FY2019 Q4,2019-04-01 00:00:00,"Apr 27, 2019"
04/28/2019,FY2019,FY2019 Q4,01-04-2019,"Apr 28, 2019"
"Apr 29, 2019",FY2019,FY2019 Q4,01-04-2019,20190429
04/30/2019,FY2019,FY2019 Q4,20190401,2019-04-30
20190501,FY2019,FY2019 Q4,"May 01, 2019","May 01, 2019"
2019-05-02 00:00:00,FY2019,,"May 01, 2019",2019-05-02
05/03/2019,FY2019,FY2019 Q4,"May 01, 2019",2019-05-03
"May 04, 2019",FY2019,FY2019 Q4,2019-05-01,2019-05-04
20190505,FY2019,FY2019 Q4,2019-05-01,20190505
2019-05-06 00:00:00,FY2019,,20190501,2019-05-06
"May 07, 2019",FY-2019,FY2019 Q4,05/01/2019,07-05-2019
"May 08, 2019",FY2019,FY2019 Q4,01-05-2019,"May 08, 2019"
05/09/2019,FY2019,FY2019 Q4,20190501,2019-05-09 00:00:00
05/10/2019,FY2019,FY2019 Q4,20190501,05/10/2019
"May 11, 2019",FY2019,FY2019 Q4,"May 01, 2019",05/11/2019
05/12/2019,FY2019,FY2019 Q4,20190501,2019-05-12 00:00:00
05/13/2019,FY-2019,FY2019 Q4,05/01/2019,20190513
"May 14, 2019",FY2019,FY2019 Q4,05/01/2019,2019-05-14
2019-05-15 00:00:00,2019,FY2019 Q4,2019-05-01,05/15/2019
"May 16, 2019",FY2019,FY2019 Q4,20190501,20190516
"May 17, 2019",2019,FY2019 Q4,2019-05-01 00:00:00,"May 17, 2019"
20190518,FY2019,FY2019 Q4,05/01/2019,2019-05-18
05/19/2019,FY2019,FY2019 Q4,20190501,"May 19, 2019"
05/20/2019,FY2019,FY2019 Q4,01-05-2019,2019-05-20 00:00:00
21-05-2019,FY2019,FY2019 Q4,20190501,21-05-2019
2019-05-22 00:00:00,FY2019,FY2019 Q4,"May 01, 2019","May 22, 2019"
23-05-2019,FY2019,FY2019 Q4,05/01/2019,2019-05-23 00:00:00
20190524,FY2019,FY2019 Q4,20190501,"May 24, 2019"
2019-05-25 00:00:00,FY2019,FY2019 Q4,2019-05-01 00:00:00,25-05-2019
"May 26, 2019",FY-2019,FY2019 Q4,2019-05-01,26-05-2019
2019-05-27 00:00:00,FY2019,,2019-05-01 00:00:00,27-05-2019
20190528,FY2019,FY2019 Q4,2019-05-01 00:00:00,05/28/2019
05/29/2019,FY2019,FY2019 Q4,01-05-2019,20190529
"May 30, 2019",FY2019,FY2019 Q4,2019-05-01,05/30/2019
20190531,FY2019,FY2019 Q4,2019-05-01,2019-05-31
20190601,FY2019,FY2019 Q4,01-06-2019,06/01/2019
2019-06-02,FY2019,FY2019 Q4,2019-06-01,06/02/2019
2019-06-03,2019,FY2019 Q4,06/01/2019,20190603
06/04/2019,FY2019,FY2019 Q4,20190601,2019-06-04 00:00:00
05-06-2019,FY2019,FY2019 Q4,20190601,2019-06-05 00:00:00
20190606,FY-2019,FY2019 Q4,20190601,20190606
07-06-2019,2019,FY2019 Q4,20190601,20190607
20190608,FY2019,FY2019 Q4,20190601,20190608
09-06-2019,2019,FY2019 Q4,20190601,06/09/2019
2019-06-10 00:00:00,FY2019,FY2019 Q4,"Jun 01, 2019","Jun 10, 2019"
"Jun 11, 2019",FY2019,FY2019 Q4,01-06-2019,06/11/2019
2019-06-12,FY2019,FY2019 Q4,"Jun 01, 2019",2019-06-12
"Jun 13, 2019",FY-2019,FY2019 Q4,2019-06-01 00:00:00,2019-06-13 00:00:00
14-06-2019,FY2019,FY2019 Q4,2019-06-01 00:00:00,"Jun 14, 2019"
06/15/2019,FY2019,FY2019 Q4,2019-06-01 00:00:00,2019-06-15
20190616,FY2019,FY2019 Q4,06/01/2019,2019-06-16 00:00:00
2019-06-17 00:00:00,FY2019,FY2019 Q4,2019-06-01 00:00:00,"Jun 17, 2019"
2019-06-18,FY2019,FY2019 Q4,06/01/2019,2019-06-18
2019-06-19 00:00:00,FY2019,FY2019 Q4,2019-06-01 00:00:00,19-06-2019
20-06-2019,FY2019,FY2019 Q4,06/01/2019,06/20/2019
"Jun 21, 2019",FY2019,FY2019 Q4,01-06-2019,"Jun 21, 2019"
06/22/2019,FY2019,FY2019 Q4,"Jun 01, 2019",22-06-2019
20190623,FY2019,FY2019 Q4,20190601,2019-06-23 00:00:00
06/24/2019,FY2019,FY2019 Q4,20190601,06/24/2019
20190625,FY2019,FY2019 Q4,06/01/2019,2019-06-25
06/26/2019,FY2019,FY2019 Q4,20190601,"Jun 26, 2019"
2019-06-27 00:00:00,FY2019,FY2019 Q4,2019-06-01,20190627
28-06-2019,2019,FY2019 Q4,"Jun 01, 2019","Jun 28, 2019"
2019-06-29,2019,,20190601,20190629
2019-06-30 00:00:00,FY2019,FY2019 Q4,20190601,30-06-2019
20210401,FY2021,FY2021 Q4,01-04-2021,20210401
2021-04-02,FY-2021,FY2021 Q4,01-04-2021,"Apr 02, 2021"
2021-04-03,FY2021,FY2021 Q4,20210401,2021-04-03 00:00:00
2021-04-04 00:00:00,FY2021,FY2021 Q4,"Apr 01, 2021",04-04-2021
2021-04-05,FY2021,FY2021 Q4,2021-04-01,04/05/2021
04/06/2021,FY2021,FY2021 Q4,04/01/2021,2021-04-06
20210407,FY2021,,2021-04-01,"Apr 07, 2021"
20210408,FY-2021,FY2021 Q4,"Apr 01, 2021",2021-04-08
09-04-2021,FY2021,FY2021 Q4,01-04-2021,"Apr 09, 2021"
20210410,FY2021,,01-04-2021,2021-04-10
2021-04-11 00:00:00,FY2021,FY2021 Q4,01-04-2021,2021-04-11
2021-04-12,FY2021,FY2021 Q4,2021-04-01 00:00:00,"Apr 12, 2021"
"Apr 13, 2021",FY-2021,,2021-04-01,2021-04-13 00:00:00
20210414,FY-2021,FY2021 Q4,04/01/2021,20210414
2021-04-15,FY2021,FY2021 Q4,"Apr 01, 2021",15-04-2021
16-04-2021,FY2021,FY2021 Q4,2021-04-01 00:00:00,20210416
"Apr 17, 2021",FY2021,FY2021 Q4,"Apr 01, 2021",04/17/2021
2021-04-18,FY-2021,,2021-04-01 00:00:00,"Apr 18, 2021"
"Apr 19, 2021",FY2021,FY2021 Q4,01-04-2021,2021-04-19
2021-04-20,FY2021,FY2021 Q4,01-04-2021,2021-04-20 00:00:00
2021-04-21,2021,FY2021 Q4,04/01/2021,2021-04-21 00:00:00
2021-04-22,2021,FY2021 Q4,"Apr 01, 2021",04/22/2021
"Apr 23, 2021",FY2021,FY2021 Q4,2021-04-01 00:00:00,2021-04-23
2021-04-24,FY-2021,FY2021 Q4,"Apr 01, 2021",2021-04-24
20210425,FY2021,,04/01/2021,04/25/2021
20210426,FY2021,FY2021 Q4,20210401,20210426
27-04-2021,FY-2021,FY2021 Q4,"Apr 01, 2021",27-04-2021
2021-04-28 00:00:00,2021,FY2021 Q4,20210401,"Apr 28, 2021"
"Apr 29, 2021",FY2021,FY2021 Q4,20210401,2021-04-29 00:00:00
30-04-2021,FY2021,FY2021 Q4,"Apr 01, 2021",20210430
01-05-2021,FY2021,FY2021 Q4,01-05-2021,01-05-2021
02-05-2021,FY2021,FY2021 Q4,2021-05-01,20210502
03-05-2021,FY-2021,FY2021 Q4,05/01/2021,2021-05-03
2021-05-04 00:00:00,FY2021,FY2021 Q4,2021-05-01 00:00:00,05/04/2021
05/05/2021,FY-2021,FY2021 Q4,20210501,2021-05-05
2021-05-06,2021,FY2021 Q4,20210501,05/06/2021
2021-05-07,FY2021,FY2021 Q4,20210501,2021-05-07 00:00:00
2021-05-08,FY2021,FY2021 Q4,01-05-2021,05/08/2021
20210509,2021,FY2021 Q4,"May 01, 2021",2021-05-09
"May 10, 2021",FY2021,FY2021 Q4,"May 01, 2021",05/10/2021
11-05-2021,2021,FY2021 Q4,20210501,2021-05-11
20210512,FY2021,FY2021 Q4,"May 01, 2021",20210512
05/13/2021,2021,FY2021 Q4,"May 01, 2021","May 13, 2021"
2021-05-14 00:00:00,FY2021,FY2021 Q4,"May 01, 2021",2021-05-14
2021-05-15 00:00:00,FY2021,FY2021 Q4,20210501,20210515
20210516,FY2021,FY2021 Q4,"May 01, 2021",2021-05-16
2021-05-17 00:00:00,FY2021,FY2021 Q4,2021-05-01,17-05-2021
18-05-2021,FY-2021,FY2021 Q4,"May 01, 2021",05/18/2021
2021-05-19 00:00:00,FY2021,FY2021 Q4,20210501,2021-05-19 00:00:00
2021-05-20 00:00:00,FY2021,FY2021 Q4,"May 01, 2021",05/20/2021
05/21/2021,FY-2021,FY2021 Q4,20210501,05/21/2021
2021-05-22,FY2021,FY2021 Q4,05/01/2021,20210522
2021-05-23 00:00:00,FY2021,FY2021 Q4,"May 01, 2021",23-05-2021
24-05-2021,FY2021,FY2021 Q4,2021-05-01,"May 24, 2021"
05/25/2021,FY2021,FY2021 Q4,01-05-2021,"May 25, 2021"
2021-05-26 00:00:00,FY2021,FY2021 Q4,2021-05-01,"May 26, 2021"
05/27/2021,FY2021,FY2021 Q4,"May 01, 2021",2021-05-27
28-05-2021,FY2021,FY2021 Q4,2021-05-01 00:00:00,2021-05-28
2021-05-29 00:00:00,FY2021,FY2021 Q4,05/01/2021,"May 29, 2021"
2021-05-30 00:00:00,FY2021,FY2021 Q4,01-05-2021,30-05-2021
"May 31, 2021",FY2021,FY2021 Q4,"May 01, 2021","May 31, 2021"
"Jun 01, 2021",FY2021,FY2021 Q4,2021-06-01,06/01/2021
"Jun 02, 2021",FY2021,FY2021 Q4,2021-06-01 00:00:00,2021-06-02
20210603,2021,FY2021 Q4,2021-06-01 00:00:00,20210603
2021-06-04 00:00:00,FY-2021,,"Jun 01, 2021",06/04/2021
06/05/2021,FY-2021,FY2021 Q4,01-06-2021,2021-06-05
2021-06-06,FY2021,FY2021 Q4,"Jun 01, 2021",06-06-2021
20210607,FY2021,FY2021 Q4,2021-06-01,2021-06-07
06/08/2021,2021,FY2021 Q4,2021-06-01 00:00:00,20210608
06/09/2021,FY2021,FY2021 Q4,01-06-2021,09-06-2021
2021-06-10,FY2021,FY2021 Q4,01-06-2021,06/10/2021
20210611,FY2021,FY2021 Q4,01-06-2021,20210611
20210612,FY2021,FY2021 Q4,20210601,06/12/2021
13-06-2021,FY2021,FY2021 Q4,01-06-2021,20210613
20210614,FY2021,FY2021 Q4,06/01/2021,2021-06-14
"Jun 15, 2021",FY2021,FY2021 Q4,20210601,"Jun 15, 2021"
2021-06-16,FY2021,FY2021 Q4,2021-06-01,"Jun 16, 2021"
2021-06-17,FY2021,FY2021 Q4,20210601,2021-06-17
2021-06-18 00:00:00,FY2021,FY2021 Q4,06/01/2021,2021-06-18
20210619,FY2021,FY2021 Q4,01-06-2021,"Jun 19, 2021"
2021-06-20,FY2021,FY2021 Q4,01-06-2021,20-06-2021
2021-06-21 00:00:00,FY2021,FY2021 Q4,01-06-2021,06/21/2021
"Jun 22, 2021",FY2021,FY2021 Q4,01-06-2021,2021-06-22
2021-06-23 00:00:00,FY-2021,FY2021 Q4,2021-06-01 00:00:00,2021-06-23
2021-06-24 00:00:00,2021,FY2021 Q4,06/01/2021,2021-06-24
20210625,FY2021,FY2021 Q4,20210601,2021-06-25
2021-06-26,FY-2021,FY2021 Q4,"Jun 01, 2021",20210626
2021-06-27,FY2021,FY2021 Q4,20210601,"Jun 27, 2021"
20210628,FY2021,FY2021 Q4,2021-06-01,2021-06-28 00:00:00
2021-06-29,FY2021,FY2021 Q4,2021-06-01,06/29/2021
06/30/2021,FY2021,FY2021 Q4,"Jun 01, 2021",30-06-2021
2021-01-01 00:00:00,FY2021,FY2021 Q3,01-01-2021,2021-01-01
02-01-2021,FY2021,FY2021 Q3,01-01-2021,01/02/2021
2021-01-03,FY2021,FY2021 Q3,20210101,20210103
2021-01-04 00:00:00,FY2021,FY2021 Q3,2021-01-01 00:00:00,2021-01-04 00:00:00
01/05/2021,FY2021,FY2021 Q3,01/01/2021,01/05/2021
06-01-2021,FY2021,FY2021 Q3,"Jan 01, 2021",01/06/2021
2021-01-07,FY2021,FY2021 Q3,20210101,01/07/2021
2021-01-08,2021,FY2021 Q3,01-01-2021,"Jan 08, 2021"
20210109,FY2021,FY2021 Q3,2021-01-01,2021-01-09 00:00:00
10-01-2021,2021,FY2021 Q3,20210101,2021-01-10
01/11/2021,2021,FY2021 Q3,01-01-2021,2021-01-11
01/12/2021,FY2021,FY2021 Q3,2021-01-01,01/12/2021
20210113,2021,FY2021 Q3,"Jan 01, 2021",2021-01-13 00:00:00
20210114,FY2021,FY2021 Q3,01/01/2021,20210114
15-01-2021,FY2021,FY2021 Q3,"Jan 01, 2021",2021-01-15
01/16/2021,FY2021,FY2021 Q3,2021-01-01,01/16/2021
17-01-2021,FY-2021,FY2021 Q3,01-01-2021,2021-01-17
"Jan 18, 2021",FY2021,FY2021 Q3,20210101,"Jan 18, 2021"
2021-01-19 00:00:00,FY2021,FY2021 Q3,2021-01-01,2021-01-19 00:00:00
20-01-2021,FY-2021,FY2021 Q3,01/01/2021,"Jan 20, 2021"
2021-01-21 00:00:00,2021,FY2021 Q3,20210101,2021-01-21
20210122,FY2021,FY2021 Q3,"Jan 01, 2021","Jan 22, 2021"
23-01-2021,FY2021,FY2021 Q3,01/01/2021,23-01-2021
01/24/2021,FY2021,FY2021 Q3,"Jan 01, 2021",2021-01-24
20210125,FY2021,FY2021 Q3,2021-01-01,2021-01-25
2021-01-26 00:00:00,FY2021,FY2021 Q3,01/01/2021,26-01-2021
2021-01-27 00:00:00,FY2021,FY2021 Q3,01-01-2021,20210127
28-01-2021,FY-2021,FY2021 Q3,20210101,"Jan 28, 2021"
2021-01-29,FY2021,FY2021 Q3,"Jan 01, 2021",20210129
30-01-2021,FY2021,FY2021 Q3,"Jan 01, 2021",2021-01-30
01/31/2021,FY2021,FY2021 Q3,"Jan 01, 2021",2021-01-31 00:00:00
01-02-2021,FY2021,FY2021 Q3,2021-02-01 00:00:00,02/01/2021
20210202,FY2021,FY2021 Q3,2021-02-01,20210202
20210203,FY2021,FY2021 Q3,2021-02-01 00:00:00,2021-02-03
2021-02-04 00:00:00,FY-2021,FY2021 Q3,2021-02-01,20210204
05-02-2021,FY2021,FY2021 Q3,"Feb 01, 2021",20210205
2021-02-06,FY-2021,FY2021 Q3,2021-02-01 00:00:00,02/06/2021
2021-02-07,FY2021,FY2021 Q3,2021-02-01 00:00:00,20210207
20210208,FY2021,FY2021 Q3,01-02-2021,02/08/2021
2021-02-09,FY2021,FY2021 Q3,"Feb 01, 2021",2021-02-09
02/10/2021,FY2021,FY2021 Q3,20210201,2021-02-10 00:00:00
"Feb 11, 2021",FY2021,FY2021 Q3,20210201,2021-02-11 00:00:00
12-02-2021,2021,FY2021 Q3,20210201,12-02-2021
2021-02-13 00:00:00,FY2021,FY2021 Q3,2021-02-01,13-02-2021
"Feb 14, 2021",FY2021,FY2021 Q3,2021-02-01 00:00:00,2021-02-14
15-02-2021,FY2021,FY2021 Q3,20210201,2021-02-15 00:00:00
02/16/2021,FY-2021,FY2021 Q3,01-02-2021,2021-02-16 00:00:00
2021-02-17 00:00:00,FY2021,FY2021 Q3,2021-02-01,"Feb 17, 2021"
"Feb 18, 2021",FY-2021,FY2021 Q3,2021-02-01,"Feb 18, 2021"
"Feb 19, 2021",FY2021,FY2021 Q3,02/01/2021,2021-02-19
2021-02-20 00:00:00,FY2021,FY2021 Q3,"Feb 01, 2021",20210220
20210221,FY2021,FY2021 Q3,2021-02-01 00:00:00,2021-02-21 00:00:00
22-02-2021,FY2021,FY2021 Q3,2021-02-01 00:00:00,02/22/2021
23-02-2021,FY2021,FY2021 Q3,"Feb 01, 2021",2021-02-23 00:00:00
"Feb 24, 2021",FY2021,FY2021 Q3,02/01/2021,2021-02-24 00:00:00
2021-02-25 00:00:00,FY2021,FY2021 Q3,"Feb 01, 2021",25-02-2021
"Feb 26, 2021",FY2021,FY2021 Q3,2021-02-01 00:00:00,02/26/2021
20210227,FY2021,FY2021 Q3,02/01/2021,02/27/2021
28-02-2021,FY2021,FY2021 Q3,01-02-2021,02/28/2021
"Mar 01, 2021",FY2021,FY2021 Q3,20210301,01-03-2021
2021-03-02 00:00:00,2021,FY2021 Q3,20210301,2021-03-02
03/03/2021,FY2021,FY2021 Q3,"Mar 01, 2021",2021-03-03
2021-03-04,FY2021,FY2021 Q3,20210301,20210304
05-03-2021,FY2021,FY2021 Q3,2021-03-01 00:00:00,2021-03-05 00:00:00
2021-03-06 00:00:00,FY2021,FY2021 Q3,01-03-2021,03/06/2021
2021-03-07,FY2021,,2021-03-01 00:00:00,20210307
2021-03-08 00:00:00,FY2021,FY2021 Q3,20210301,03/08/2021
09-03-2021,FY2021,FY2021 Q3,03/01/2021,09-03-2021
10-03-2021,FY2021,FY2021 Q3,2021-03-01,2021-03-10
03/11/2021,FY2021,FY2021 Q3,20210301,2021-03-11
"Mar 12, 2021",FY2021,FY2021 Q3,20210301,12-03-2021
2021-03-13 00:00:00,FY2021,FY2021 Q3,2021-03-01,"Mar 13, 2021"
03/14/2021,FY2021,FY2021 Q3,"Mar 01, 2021",14-03-2021
03/15/2021,FY2021,FY2021 Q3,20210301,20210315
2021-03-16,FY2021,FY2021 Q3,03/01/2021,2021-03-16
2021-03-17,FY2021,FY2021 Q3,20210301,20210317
20210318,FY2021,FY2021 Q3,20210301,03/18/2021
19-03-2021,FY2021,FY2021 Q3,2021-03-01 00:00:00,2021-03-19
2021-03-20 00:00:00,FY-2021,FY2021 Q3,20210301,20-03-2021
03/21/2021,FY-2021,FY2021 Q3,2021-03-01 00:00:00,2021-03-21 00:00:00
2021-03-22,FY2021,FY2021 Q3,"Mar 01, 2021",2021-03-22
2021-03-23 00:00:00,2021,FY2021 Q3,20210301,2021-03-23 00:00:00
03/24/2021,FY2021,FY2021 Q3,2021-03-01,24-03-2021
2021-03-25 00:00:00,2021,FY2021 Q3,20210301,2021-03-25
03/26/2021,FY2021,FY2021 Q3,03/01/2021,03/26/2021
"Mar 27, 2021",2021,FY2021 Q3,03/01/2021,03/27/2021
20210328,2021,FY2021 Q3,"Mar 01, 2021",2021-03-28 00:00:00
20210329,2021,FY2021 Q3,20210301,03/29/2021
2021-03-30 00:00:00,FY2021,FY2021 Q3,03/01/2021,2021-03-30
31-03-2021,FY2021,FY2021 Q3,"Mar 01, 2021","Mar 31, 2021"
01-10-2020,FY2021,FY2021 Q2,2020-10-01,20201001
2020-10-02 00:00:00,2021,FY2021 Q2,10/01/2020,20201002
03-10-2020,FY2021,FY2021 Q2,2020-10-01,10/03/2020
10/04/2020,FY2021,FY2021 Q2,10/01/2020,2020-10-04
10/05/2020,FY2021,FY2021 Q2,10/01/2020,"Oct 05, 2020"
2020-10-06 00:00:00,FY2021,FY2021 Q2,2020-10-01 00:00:00,10/06/2020
10/07/2020,FY2021,FY2021 Q2,20201001,07-10-2020
"Oct 08, 2020",FY2021,FY2021 Q2,10/01/2020,2020-10-08
2020-10-09 00:00:00,2021,FY2021 Q2,01-10-2020,20201009
10-10-2020,FY2021,FY2021 Q2,2020-10-01 00:00:00,10-10-2020
11-10-2020,FY2021,FY2021 Q2,"Oct 01, 2020",2020-10-11
2020-10-12 00:00:00,FY2021,FY2021 Q2,"Oct 01, 2020",2020-10-12 00:00:00
20201013,FY2021,FY2021 Q2,20201001,10/13/2020
"Oct 14, 2020",FY-2021,FY2021 Q2,01-10-2020,14-10-2020
20201015,FY2021,FY2021 Q2,2020-10-01,"Oct 15, 2020"
20201016,FY-2021,FY2021 Q2,"Oct 01, 2020",2020-10-16 00:00:00
2020-10-17 00:00:00,FY-2021,FY2021 Q2,01-10-2020,2020-10-17 00:00:00
2020-10-18 00:00:00,FY-2021,FY2021 Q2,20201001,20201018
2020-10-19 00:00:00,FY2021,FY2021 Q2,20201001,20201019
20-10-2020,FY2021,FY2021 Q2,01-10-2020,20-10-2020
2020-10-21 00:00:00,FY2021,FY2021 Q2,01-10-2020,10/21/2020
2020-10-22,FY-2021,FY2021 Q2,"Oct 01, 2020",10/22/2020
23-10-2020,2021,FY2021 Q2,20201001,"Oct 23, 2020"
20201024,FY2021,FY2021 Q2,20201001,2020-10-24
20201025,FY2021,FY2021 Q2,2020-10-01,10/25/2020
10/26/2020,FY2021,FY2021 Q2,01-10-2020,20201026
27-10-2020,FY2021,FY2021 Q2,10/01/2020,10/27/2020
2020-10-28 00:00:00,FY-2021,FY2021 Q2,20201001,2020-10-28 00:00:00
2020-10-29 00:00:00,FY2021,FY2021 Q2,01-10-2020,"Oct 29, 2020"
20201030,FY-2021,FY2021 Q2,01-10-2020,30-10-2020
2020-10-31 00:00:00,FY2021,FY2021 Q2,10/01/2020,20201031
01-11-2020,2021,FY2021 Q2,01-11-2020,01-11-2020
"Nov 02, 2020",FY2021,FY2021 Q2,"Nov 01, 2020",11/02/2020
20201103,FY-2021,FY2021 Q2,2020-11-01 00:00:00,11/03/2020
11/04/2020,FY2021,FY2021 Q2,01-11-2020,"Nov 04, 2020"
2020-11-05 00:00:00,2021,FY2021 Q2,01-11-2020,2020-11-05
"Nov 06, 2020",2021,FY2021 Q2,2020-11-01,"Nov 06, 2020"
11/07/2020,FY-2021,FY2021 Q2,11/01/2020,07-11-2020
2020-11-08 00:00:00,FY2021,FY2021 Q2,2020-11-01,"Nov 08, 2020"
09-11-2020,FY2021,FY2021 Q2,2020-11-01 00:00:00,2020-11-09
2020-11-10,FY2021,FY2021 Q2,20201101,2020-11-10 00:00:00
"Nov 11, 2020",FY2021,FY2021 Q2,20201101,2020-11-11
2020-11-12,FY2021,FY2021 Q2,11/01/2020,2020-11-12
20201113,FY2021,FY2021 Q2,2020-11-01,"Nov 13, 2020"
20201114,2021,FY2021 Q2,"Nov 01, 2020",14-11-2020
2020-11-15 00:00:00,FY2021,FY2021 Q2,2020-11-01 00:00:00,2020-11-15
2020-11-16 00:00:00,FY2021,FY2021 Q2,2020-11-01,20201116
2020-11-17,2021,FY2021 Q2,2020-11-01,11/17/2020
2020-11-18,FY2021,FY2021 Q2,2020-11-01 00:00:00,2020-11-18 00:00:00
2020-11-19,FY2021,FY2021 Q2,11/01/2020,20201119
"Nov 20, 2020",FY2021,FY2021 Q2,"Nov 01, 2020",20201120
"Nov 21, 2020",FY2021,FY2021 Q2,"Nov 01, 2020",21-11-2020
20201122,FY2021,FY2021 Q2,11/01/2020,2020-11-22
"Nov 23, 2020",2021,FY2021 Q2,01-11-2020,2020-11-23
24-11-2020,FY2021,FY2021 Q2,"Nov 01, 2020",2020-11-24 00:00:00
25-11-2020,FY2021,FY2021 Q2,11/01/2020,25-11-2020
11/26/2020,FY-2021,FY2021 Q2,"Nov 01, 2020",20201126
"Nov 27, 2020",FY2021,FY2021 Q2,2020-11-01,"Nov 27, 2020"
"Nov 28, 2020",FY2021,FY2021 Q2,2020-11-01,11/28/2020
11/29/2020,FY2021,FY2021 Q2,2020-11-01 00:00:00,2020-11-29 00:00:00
"Nov 30, 2020",FY2021,FY2021 Q2,"Nov 01, 2020",2020-11-30
"Dec 01, 2020",FY2021,FY2021 Q2,12/01/2020,01-12-2020
12/02/2020,FY2021,FY2021 Q2,2020-12-01,20201202
2020-12-03,2021,FY2021 Q2,01-12-2020,03-12-2020
20201204,FY2021,FY2021 Q2,12/01/2020,2020-12-04
2020-12-05 00:00:00,FY2021,FY2021 Q2,20201201,2020-12-05
06-12-2020,FY2021,FY2021 Q2,01-12-2020,12/06/2020
12/07/2020,FY2021,FY2021 Q2,2020-12-01,"Dec 07, 2020"
2020-12-08,FY2021,FY2021 Q2,01-12-2020,08-12-2020
12/09/2020,FY2021,FY2021 Q2,2020-12-01 00:00:00,2020-12-09 00:00:00
"Dec 10, 2020",FY2021,FY2021 Q2,01-12-2020,10-12-2020
12/11/2020,FY2021,FY2021 Q2,20201201,11-12-2020
20201212,FY2021,FY2021 Q2,"Dec 01, 2020","Dec 12, 2020"
13-12-2020,2021,FY2021 Q2,20201201,2020-12-13 00:00:00
"Dec 14, 2020",FY-2021,FY2021 Q2,"Dec 01, 2020",2020-12-14 00:00:00
15-12-2020,FY2021,FY2021 Q2,20201201,2020-12-15 00:00:00
"Dec 16, 2020",2021,FY2021 Q2,"Dec 01, 2020",2020-12-16 00:00:00
20201217,2021,FY2021 Q2,2020-12-01,17-12-2020
2020-12-18,FY2021,FY2021 Q2,2020-12-01,20201218
12/19/2020,FY2021,FY2021 Q2,2020-12-01,2020-12-19 00:00:00
20-12-2020,FY2021,FY2021 Q2,"Dec 01, 2020",20-12-2020
"Dec 21, 2020",FY-2021,FY2021 Q2,12/01/2020,2020-12-21 00:00:00
"Dec 22, 2020",FY2021,FY2021 Q2,12/01/2020,12/22/2020
2020-12-23,FY2021,FY2021 Q2,12/01/2020,2020-12-23
2020-12-24,FY2021,FY2021 Q2,2020-12-01,2020-12-24
25-12-2020,FY2021,FY2021 Q2,01-12-2020,"Dec 25, 2020"
2020-12-26 00:00:00,FY2021,FY2021 Q2,12/01/2020,2020-12-26
27-12-2020,FY2021,FY2021 Q2,01-12-2020,2020-12-27 00:00:00
20201228,FY2021,FY2021 Q2,2020-12-01,"Dec 28, 2020"
"Dec 29, 2020",FY2021,FY2021 Q2,01-12-2020,2020-12-29
"Dec 30, 2020",FY2021,FY2021 Q2,2020-12-01,12/30/2020
"Dec 31, 2020",FY2021,FY2021 Q2,01-12-2020,12/31/2020
2020-07-01,FY2021,FY2021 Q1,2020-07-01 00:00:00,07/01/2020
02-07-2020,FY2021,FY2021 Q1,20200701,2020-07-02
"Jul 03, 2020",FY2021,FY2021 Q1,01-07-2020,2020-07-03
2020-07-04 00:00:00,FY2021,FY2021 Q1,"Jul 01, 2020",20200704
05-07-2020,FY2021,FY2021 Q1,2020-07-01 00:00:00,05-07-2020
07/06/2020,FY2021,FY2021 Q1,01-07-2020,2020-07-06
07-07-2020,FY2021,FY2021 Q1,2020-07-01 00:00:00,"Jul 07, 2020"
2020-07-08 00:00:00,FY2021,FY2021 Q1,07/01/2020,"Jul 08, 2020"
09-07-2020,FY-2021,FY2021 Q1,20200701,"Jul 09, 2020"
20200710,FY2021,FY2021 Q1,20200701,"Jul 10, 2020"
11-07-2020,FY-2021,FY2021 Q1,"Jul 01, 2020",2020-07-11
2020-07-12,FY2021,FY2021 Q1,20200701,20200712
2020-07-13 00:00:00,FY2021,FY2021 Q1,2020-07-01,2020-07-13 00:00:00
07/14/2020,FY-2021,FY2021 Q1,2020-07-01 00:00:00,2020-07-14
07/15/2020,FY2021,FY2021 Q1,07/01/2020,"Jul 15, 2020"
16-07-2020,FY-2021,FY2021 Q1,20200701,2020-07-16
07/17/2020,FY-2021,FY2021 Q1,20200701,20200717
18-07-2020,FY-2021,FY2021 Q1,2020-07-01 00:00:00,18-07-2020
19-07-2020,FY-2021,FY2021 Q1,"Jul 01, 2020",2020-07-19
2020-07-20,FY2021,FY2021 Q1,2020-07-01 00:00:00,20200720
2020-07-21 00:00:00,FY2021,FY2021 Q1,07/01/2020,21-07-2020
20200722,FY2021,FY2021 Q1,07/01/2020,2020-07-22
2020-07-23 00:00:00,FY2021,FY2021 Q1,07/01/2020,2020-07-23 00:00:00
2020-07-24,FY-2021,FY2021 Q1,07/01/2020,"Jul 24, 2020"
"Jul 25, 2020",FY2021,FY2021 Q1,01-07-2020,07/25/2020
2020-07-26,FY2021,FY2021 Q1,20200701,20200726
20200727,FY2021,FY2021 Q1,"Jul 01, 2020",20200727
2020-07-28 00:00:00,FY-2021,FY2021 Q1,01-07-2020,20200728
07/29/2020,FY2021,FY2021 Q1,07/01/2020,2020-07-29 00:00:00
2020-07-30,2021,FY2021 Q1,2020-07-01,30-07-2020
2020-07-31 00:00:00,FY-2021,FY2021 Q1,2020-07-01,2020-07-31
08/01/2020,FY2021,FY2021 Q1,"Aug 01, 2020",01-08-2020
"Aug 02, 2020",FY2021,FY2021 Q1,01-08-2020,20200802
03-08-2020,FY2021,FY2021 Q1,01-08-2020,2020-08-03
"Aug 04, 2020",FY2021,FY2021 Q1,01-08-2020,20200804
2020-08-05 00:00:00,FY2021,FY2021 Q1,20200801,2020-08-05 00:00:00
06-08-2020,FY2021,FY2021 Q1,20200801,08/06/2020
08/07/2020,FY2021,FY2021 Q1,20200801,2020-08-07 00:00:00
08-08-2020,FY2021,FY2021 Q1,2020-08-01,08/08/2020
20200809,FY2021,FY2021 Q1,20200801,2020-08-09 00:00:00
"Aug 10, 2020",FY2021,FY2021 Q1,2020-08-01 00:00:00,2020-08-10 00:00:00
2020-08-11 00:00:00,FY-2021,FY2021 Q1,2020-08-01 00:00:00,"Aug 11, 2020"
2020-08-12 00:00:00,FY2021,FY2021 Q1,08/01/2020,2020-08-12 00:00:00
13-08-2020,FY-2021,FY2021 Q1,"Aug 01, 2020",13-08-2020
14-08-2020,FY2021,FY2021 Q1,2020-08-01 00:00:00,08/14/2020
"Aug 15, 2020",FY-2021,FY2021 Q1,01-08-2020,2020-08-15 00:00:00
2020-08-16,FY2021,FY2021 Q1,2020-08-01,"Aug 16, 2020"
2020-08-17 00:00:00,FY2021,FY2021 Q1,2020-08-01 00:00:00,2020-08-17 00:00:00
20200818,FY2021,FY2021 Q1,20200801,20200818
08/19/2020,FY2021,FY2021 Q1,01-08-2020,19-08-2020
2020-08-20 00:00:00,FY2021,FY2021 Q1,2020-08-01,20200820
2020-08-21 00:00:00,FY2021,FY2021 Q1,2020-08-01,"Aug 21, 2020"
2020-08-22,FY2021,FY2021 Q1,08/01/2020,2020-08-22 00:00:00
08/23/2020,FY2021,FY2021 Q1,2020-08-01,2020-08-23 00:00:00
"Aug 24, 2020",FY2021,FY2021 Q1,"Aug 01, 2020","Aug 24, 2020"
08/25/2020,FY2021,FY2021 Q1,01-08-2020,2020-08-25 00:00:00
2020-08-26,2021,FY2021 Q1,2020-08-01,20200826
2020-08-27 00:00:00,FY2021,FY2021 Q1,2020-08-01 00:00:00,08/27/2020
2020-08-28,FY-2021,FY2021 Q1,2020-08-01 00:00:00,2020-08-28
2020-08-29,FY2021,FY2021 Q1,20200801,08/29/2020
08/30/2020,FY2021,FY2021 Q1,08/01/2020,2020-08-30
20200831,FY-2021,FY2021 Q1,2020-08-01 00:00:00,31-08-2020
01-09-2020,FY2021,FY2021 Q1,09/01/2020,"Sep 01, 2020"
2020-09-02 00:00:00,FY2021,FY2021 Q1,2020-09-01 00:00:00,20200902
09/03/2020,FY2021,FY2021 Q1,20200901,2020-09-03
2020-09-04,FY-2021,FY2021 Q1,01-09-2020,2020-09-04
2020-09-05 00:00:00,FY2021,FY2021 Q1,09/01/2020,09/05/2020
"Sep 06, 2020",FY2021,FY2021 Q1,09/01/2020,20200906
2020-09-07,FY2021,FY2021 Q1,01-09-2020,2020-09-07 00:00:00
08-09-2020,FY2021,FY2021 Q1,2020-09-01 00:00:00,08-09-2020
09-09-2020,FY2021,FY2021 Q1,20200901,09/09/2020
10-09-2020,FY2021,FY2021 Q1,01-09-2020,10-09-2020
20200911,FY2021,FY2021 Q1,2020-09-01 00:00:00,20200911
"Sep 12, 2020",FY2021,FY2021 Q1,01-09-2020,20200912
"Sep 13, 2020",FY2021,FY2021 Q1,01-09-2020,13-09-2020
"Sep 14, 2020",FY2021,FY2021 Q1,20200901,2020-09-14
09/15/2020,2021,FY2021 Q1,2020-09-01 00:00:00,15-09-2020
20200916,FY2021,FY2021 Q1,2020-09-01,16-09-2020
2020-09-17 00:00:00,FY2021,FY2021 Q1,09/01/2020,09/17/2020
20200918,2021,FY2021 Q1,2020-09-01 00:00:00,2020-09-18 00:00:00
2020-09-19,FY2021,FY2021 Q1,2020-09-01,2020-09-19 00:00:00
20200920,2021,FY2021 Q1,09/01/2020,2020-09-20 00:00:00
2020-09-21,FY2021,FY2021 Q1,"Sep 01, 2020",20200921
22-09-2020,FY2021,FY2021 Q1,01-09-2020,2020-09-22
2020-09-23,FY2021,FY2021 Q1,2020-09-01 00:00:00,2020-09-23 00:00:00
20200924,FY2021,FY2021 Q1,20200901,"Sep 24, 2020"
2020-09-25,FY2021,FY2021 Q1,20200901,20200925
"Sep 26, 2020",FY2021,FY2021 Q1,2020-09-01 00:00:00,26-09-2020
27-09-2020,FY2021,FY2021 Q1,09/01/2020,27-09-2020
2020-09-28 00:00:00,FY2021,FY2021 Q1,20200901,09/28/2020
2020-09-29 00:00:00,FY2021,FY2021 Q1,01-09-2020,2020-09-29
2020-09-30,FY-2021,FY2021 Q1,01-09-2020,30-09-2020
2018-12-09 00:00:00,2019,,2018-12-01 00:00:00,2018-12-09
20210410,FY2021,,01-04-2021,2021-04-10
18-05-2018,FY-2018,,01-05-2018,"May 18, 2018"
07-03-2018,FY2018,,"Mar 01, 2018",2018-03-07 00:00:00
2019-05-02 00:00:00,FY2019,,"May 01, 2019",2019-05-02
12/07/2017,FY2018,,"Dec 01, 2017",2017-12-07
2020-02-04,FY2020,,01-02-2020,20200204
2021-06-04 00:00:00,FY-2021,,"Jun 01, 2021",06/04/2021
11-07-2017,FY2018,,01-07-2017,2017-07-11
04-12-2018,FY-2019,,2018-12-01,"Dec 04, 2018"
